EquipmentsID,name_equipment,type_equipment,spectral_resolution,number_of_channels,date_calibration,type_calibration,measurement_error,manufacturer
1,HSE2,multispectral,6.520977537973571,206,2001-02-03,CROSS,0.5872288978321497,OPTEX
2,HSE2,multispectral,16.896663598577405,124,2004-12-22,INTER,0.7452313569143426,NASA
3,HSE2,multispectral,13.941030493812665,193,2011-11-05,POLIGON,0.5370772427216046,NASA
4,MSE,hyperspectral,23.981678097606913,241,2014-07-18,POLIGON,0.9564865688514068,NASA
5,HSE,hyperspectral,15.756927022193228,233,2009-03-22,INTER,0.3776519827465783,NASA
6,MSE,hyperspectral,43.42790840806369,114,2002-10-07,INTER,0.26080922792485794,KMZ
7,MSE,multispectral,4.5936527641925196,108,2001-03-19,POLIGON,0.9588203284750264,OPTEX
8,MSE,hyperspectral,27.891077710795898,94,2014-04-17,INTER,0.18968095871780033,JRC
9,MSE,hyperspectral,38.21667241117336,250,2021-02-19,INTER,0.6270265011132665,OPTEX
10,HSE2,multispectral,5.27670225422988,195,2020-05-20,CROSS,0.7008137971458966,KMZ
11,MSE1,multispectral,3.847692460094653,241,2016-10-20,LAB,0.8543977356626328,NASA
12,MSE2,multispectral,32.59641262272409,218,2001-08-20,POLIGON,0.05998692682166806,JRC
13,HSE2,multispectral,22.448426234331524,144,2002-06-10,INTER,0.5863374453601886,OPTEX
14,HSE,hyperspectral,28.5743610919022,140,2011-07-19,POLIGON,0.5285358334835063,JRC
15,HSE2,multispectral,18.036359146391753,123,2007-08-08,LAB,0.17374430896153248,KMZ
16,MSE1,multispectral,37.932570411966324,59,2008-04-20,LAB,0.49843115966240215,OPTEX
17,MSE2,hyperspectral,20.65219013545566,76,2014-03-04,INTER,0.6912875304130648,JRC
18,HSE2,hyperspectral,43.44624090590106,246,2001-02-21,CROSS,0.11669249369380286,NASA
19,MSE,hyperspectral,35.433331646679946,241,2008-09-20,INTER,0.20730004112080735,JRC
20,MSE1,multispectral,11.322825447508748,65,2021-11-28,LAB,0.47096282051991567,KMZ
21,HSE,multispectral,25.876562715591984,131,2011-02-05,LAB,0.08938553244703562,JRC
22,HSE2,multispectral,42.90894960903777,132,2017-06-19,LAB,0.9062734696933856,KMZ
23,MSE1,hyperspectral,8.495706114336116,171,2019-05-20,CROSS,0.7450367458020466,KMZ
24,MSE,multispectral,23.716368458171253,98,2016-08-25,POLIGON,0.9265028516464617,NASA
25,HSE,hyperspectral,8.458751554789092,59,2020-03-20,POLIGON,0.45505639750841465,OPTEX
26,HSE2,hyperspectral,5.554279291788639,150,2012-04-25,CROSS,0.6336156074750181,KMZ
27,HSE2,hyperspectral,34.261756833793996,139,2008-08-25,POLIGON,0.6646022399464753,OPTEX
28,MSE2,multispectral,38.6571401506634,181,2006-06-27,INTER,0.14812797599880578,JRC
29,HSE1,multispectral,33.85614708180225,131,2010-03-23,CROSS,0.7023685341445256,KMZ
30,MSE2,multispectral,34.84446211485282,66,2020-07-23,POLIGON,0.14447818179402083,JRC
31,MSE2,hyperspectral,42.682916339552264,202,2000-05-20,POLIGON,0.5236742311018653,JRC
32,HSE1,multispectral,11.65958697486883,182,2011-03-19,POLIGON,0.7076100218070759,OPTEX
33,MSE1,multispectral,8.458505009670088,96,2005-11-21,LAB,0.14207917100383793,KMZ
34,MSE2,multispectral,45.25775957371051,206,2001-09-17,POLIGON,0.060424504877231056,JRC
35,MSE,multispectral,26.752095964415087,80,2004-08-17,LAB,0.7892202122783145,NASA
36,MSE,multispectral,42.44890239621803,61,2006-01-11,POLIGON,0.4322551815599722,NASA
37,MSE,hyperspectral,27.952272689046385,148,2013-02-13,POLIGON,0.9114468734369692,KMZ
38,HSE2,multispectral,21.10139742145777,145,2009-11-18,INTER,0.410604832082456,OPTEX
39,MSE,multispectral,42.76333094749629,86,2012-04-09,CROSS,0.8214433038572099,KMZ
40,HSE2,multispectral,15.291952743977403,57,2015-03-01,POLIGON,0.23996572542947636,JRC
41,MSE2,hyperspectral,41.111175037531446,82,2015-05-20,INTER,0.9002275899785185,KMZ
42,HSE,multispectral,22.79831652367684,177,2009-05-17,POLIGON,0.016212845214197746,NASA
43,HSE,multispectral,48.84541431198019,146,2011-09-24,CROSS,0.606372817337684,NASA
44,HSE1,multispectral,38.60089498099772,63,2015-12-17,POLIGON,0.960804543302865,OPTEX
45,MSE,multispectral,10.243793734014458,109,2008-03-02,INTER,0.7012026607677206,KMZ
46,MSE2,hyperspectral,7.181400952107774,217,2017-06-26,POLIGON,0.7259135041980408,OPTEX
47,MSE2,hyperspectral,28.39067028556107,104,2010-10-16,CROSS,0.17596520495332812,JRC
48,HSE,multispectral,33.67050666503825,102,2019-11-23,POLIGON,0.5856422218504875,OPTEX
49,MSE1,hyperspectral,4.597293875393179,179,2014-09-03,INTER,0.9894123476782027,NASA
50,HSE1,multispectral,35.75149418004832,65,2000-01-13,CROSS,0.36987317445846324,NASA
51,HSE,hyperspectral,37.18908409686675,130,2021-09-03,INTER,0.1509904407870991,NASA
52,MSE2,multispectral,9.574940695743859,54,2010-07-26,CROSS,0.6903458819046242,NASA
53,HSE2,hyperspectral,31.919906760124285,51,2003-02-23,CROSS,0.08951581872365089,OPTEX
54,HSE1,hyperspectral,26.790682680899554,203,2021-03-04,CROSS,0.11978147485239932,OPTEX
55,HSE,hyperspectral,10.943773200924937,133,2014-12-21,LAB,0.6463744707332326,NASA
56,HSE1,hyperspectral,13.704730744113277,154,2001-04-07,POLIGON,0.2596714140829145,NASA
57,MSE1,multispectral,42.34344206217821,184,2006-12-22,INTER,0.7577308098010106,JRC
58,MSE1,hyperspectral,29.669133979514765,139,2001-06-17,LAB,0.6353040263635259,KMZ
59,MSE1,multispectral,22.234730557119498,139,2010-03-23,INTER,0.09454858922682141,OPTEX
60,MSE2,hyperspectral,43.85927074858428,151,2000-08-26,LAB,0.7797535465141163,KMZ
61,HSE1,multispectral,16.675648816834176,93,2021-04-16,CROSS,0.8616640152630407,JRC
62,HSE1,multispectral,22.09705430409978,219,2011-12-25,POLIGON,0.037735659979276526,NASA
63,HSE,hyperspectral,32.34616274477271,190,2009-09-11,CROSS,0.3242053902270373,OPTEX
64,HSE,hyperspectral,17.73762157082202,238,2012-11-17,CROSS,0.33313646991929713,NASA
65,MSE2,multispectral,26.90934930605403,149,2001-03-01,INTER,0.15219378656858273,NASA
66,MSE,hyperspectral,9.457849596132435,145,2003-09-09,CROSS,0.7896509216945498,KMZ
67,MSE1,multispectral,32.43012823948659,225,2015-06-28,CROSS,0.8832395436345448,NASA
68,HSE,hyperspectral,23.63565443989281,79,2017-04-06,LAB,0.5489849807007294,KMZ
69,HSE2,multispectral,21.213775911562184,245,2007-11-02,INTER,0.07904164325653973,NASA
70,HSE,hyperspectral,11.253547288990646,190,2000-12-19,CROSS,0.3121465584364723,NASA
71,MSE,hyperspectral,11.905499436217225,226,2007-09-28,CROSS,0.35214749367806764,KMZ
72,HSE1,multispectral,46.75202994372074,51,2011-12-03,POLIGON,0.020334365907525354,OPTEX
73,MSE2,hyperspectral,48.880203618151114,165,2019-04-19,INTER,0.3813767116279859,NASA
74,MSE,hyperspectral,25.949256521171357,246,2011-03-25,POLIGON,0.545187682723808,KMZ
75,HSE1,hyperspectral,1.684584701296683,230,2007-01-16,CROSS,0.828186110532232,NASA
76,MSE2,hyperspectral,24.78334703914145,168,2014-03-16,CROSS,0.2870361270139927,KMZ
77,HSE,multispectral,40.31904878615331,202,2012-07-04,CROSS,0.4126202574825997,OPTEX
78,MSE1,multispectral,34.82670728759229,174,2012-03-09,LAB,0.7688800388216058,OPTEX
79,MSE1,multispectral,10.774415981715212,54,2017-10-08,CROSS,0.6003587189843379,JRC
80,HSE2,multispectral,1.6326299535203455,147,2000-08-17,CROSS,0.5436181483973341,OPTEX
81,HSE1,multispectral,2.8297841707550155,170,2014-03-04,LAB,0.8115236856422579,NASA
82,HSE1,multispectral,28.510439867115043,65,2019-08-15,CROSS,0.45776520227678175,NASA
83,MSE2,multispectral,32.190209974610596,168,2011-06-17,CROSS,0.8919002937037553,OPTEX
84,MSE,hyperspectral,10.504311048474234,79,2016-08-01,LAB,0.8457256411510103,NASA
85,MSE,multispectral,33.559597775709655,218,2005-06-14,POLIGON,0.003986531051566988,KMZ
86,HSE1,multispectral,11.735099815132568,246,2000-08-28,LAB,0.2624437230414295,KMZ
87,MSE,hyperspectral,47.309748746259054,142,2002-10-26,LAB,0.8385817493927007,JRC
88,MSE1,multispectral,27.010179385760424,205,2015-02-01,INTER,0.7350308892024551,KMZ
89,MSE1,multispectral,7.927579864701681,217,2004-10-13,POLIGON,0.9629997896768488,JRC
90,MSE1,multispectral,11.82894167189537,154,2003-08-26,CROSS,0.02536039556126435,NASA
91,MSE2,hyperspectral,49.12761632130437,198,2003-04-08,CROSS,0.5388804012096228,OPTEX
92,HSE,hyperspectral,24.847395132929872,159,2005-02-01,CROSS,0.18571697716270796,KMZ
93,HSE1,multispectral,42.988960095072045,106,2016-07-07,CROSS,0.9004341913601671,NASA
94,HSE2,hyperspectral,35.948919996994775,156,2008-09-22,INTER,0.3142371607121367,OPTEX
95,HSE,multispectral,21.915331966422034,109,2008-08-06,LAB,0.5343512363945571,NASA
96,MSE1,hyperspectral,7.203036867830043,175,2001-12-04,INTER,0.28703383330060517,NASA
97,HSE2,multispectral,16.79401554963946,243,2013-02-22,LAB,0.5058802444850782,OPTEX
98,HSE2,multispectral,2.664414599124414,189,2005-04-17,INTER,0.05846586069423454,KMZ
99,MSE2,hyperspectral,40.29890770681752,187,2002-09-18,POLIGON,0.9412198075731232,OPTEX
100,MSE2,hyperspectral,18.046139794286457,215,2002-10-25,LAB,0.21127680465609355,KMZ
101,HSE,multispectral,21.979114821120497,186,2019-03-14,LAB,0.238971321124257,OPTEX
102,MSE,hyperspectral,40.183952800184294,52,2014-02-11,POLIGON,0.9295275120239872,NASA
103,HSE2,hyperspectral,40.57487051413066,211,2007-02-13,INTER,0.3644899483133004,JRC
104,HSE1,hyperspectral,46.063173244137985,216,2018-12-06,INTER,0.5433686874556105,NASA
105,MSE2,multispectral,45.75429544846658,53,2017-02-05,LAB,0.7262662140495071,JRC
106,HSE2,hyperspectral,1.7021999491009192,139,2016-04-27,POLIGON,0.4367673416720905,OPTEX
107,MSE1,hyperspectral,16.30881782746211,106,2021-12-04,LAB,0.8117088995322491,KMZ
108,HSE1,hyperspectral,48.73802068730384,163,2021-12-18,LAB,0.43933249941243147,KMZ
109,MSE1,multispectral,34.7548737700879,138,2011-09-20,POLIGON,0.689045637654954,OPTEX
110,MSE2,multispectral,32.10303089047602,85,2007-03-19,CROSS,0.6203473987668017,JRC
111,HSE1,multispectral,23.12250384013975,180,2021-11-14,CROSS,0.1595360143452429,NASA
112,HSE,multispectral,30.553897620837894,130,2001-04-20,CROSS,0.7563741290544718,NASA
113,MSE2,multispectral,19.893553462146066,228,2003-08-01,LAB,0.07193028904204624,JRC
114,HSE2,hyperspectral,43.147872220421824,106,2004-05-21,INTER,0.4166161471924159,JRC
115,MSE2,hyperspectral,3.7095929347183434,103,2016-04-17,LAB,0.7312773135207622,JRC
116,HSE1,multispectral,7.299030175596818,177,2020-12-12,LAB,0.0791595274479936,OPTEX
117,HSE1,hyperspectral,34.95563288861866,244,2010-07-26,CROSS,0.8602374675130949,KMZ
118,MSE1,multispectral,14.59481144183295,210,2019-03-23,POLIGON,0.6170493584968118,KMZ
119,HSE,multispectral,22.63233793516255,162,2009-01-16,LAB,0.06746513311094882,JRC
120,HSE1,multispectral,41.991907362585025,58,2010-01-04,CROSS,0.1544924059998264,KMZ
121,HSE1,multispectral,13.554485953374588,96,2021-07-18,LAB,0.7620308085468902,OPTEX
122,MSE1,hyperspectral,27.826525753988303,177,2007-03-06,POLIGON,0.5101030588950636,KMZ
123,HSE,multispectral,22.140084927150998,206,2005-01-14,INTER,0.33929418310736326,OPTEX
124,MSE1,hyperspectral,42.8448927000446,66,2003-12-20,CROSS,0.853113836047908,JRC
125,MSE2,hyperspectral,36.70484160958095,172,2008-05-28,CROSS,0.05692677334639795,JRC
126,MSE1,hyperspectral,32.77453218382348,138,2006-07-22,CROSS,0.5192686384274826,NASA
127,HSE,hyperspectral,29.31450457892004,101,2013-10-02,CROSS,0.6005801486043527,JRC
128,HSE,hyperspectral,21.2459287644986,124,2004-03-11,INTER,0.9948874105049963,JRC
129,MSE2,multispectral,48.12051691077371,243,2006-01-04,INTER,0.3927594418609637,KMZ
130,HSE,hyperspectral,25.284122544253,175,2005-02-16,CROSS,0.6548717102306972,NASA
131,MSE2,multispectral,38.67041994989066,74,2002-06-21,CROSS,0.9153290901936535,NASA
132,HSE,hyperspectral,6.42788045918567,130,2011-09-02,POLIGON,0.9004210197318482,JRC
133,HSE2,hyperspectral,43.56569305469368,252,2018-02-20,CROSS,0.8829660679352404,JRC
134,MSE,hyperspectral,32.04459576322122,78,2006-04-18,LAB,0.2371813767098654,KMZ
135,MSE1,multispectral,18.38519259205762,83,2013-02-21,INTER,0.28364269710898893,NASA
136,MSE2,hyperspectral,27.79549432038789,87,2007-10-05,INTER,0.7266998776718772,JRC
137,HSE1,multispectral,13.050229195647091,198,2002-02-15,LAB,0.26433445638441977,JRC
138,MSE2,multispectral,36.12545958343672,169,2016-06-13,LAB,0.665407526978304,JRC
139,HSE1,multispectral,44.72075620835458,123,2021-02-24,INTER,0.9000573181783241,KMZ
140,MSE,hyperspectral,33.85546985113481,207,2012-12-11,LAB,0.8512503838961454,KMZ
141,HSE,hyperspectral,32.14878836918117,159,2015-12-17,CROSS,0.45494558625742754,OPTEX
142,MSE,multispectral,24.86709334874118,98,2005-10-09,CROSS,0.2747898819645994,NASA
143,MSE2,multispectral,1.3305391395317798,66,2000-03-17,POLIGON,0.37855310759757,KMZ
144,MSE2,multispectral,17.96159508802093,147,2005-05-09,INTER,0.49278404020483013,OPTEX
145,HSE2,hyperspectral,47.91459142073621,87,2020-07-18,LAB,0.2876528255706684,OPTEX
146,HSE2,multispectral,18.041433068228876,125,2011-07-12,CROSS,0.1413020959060497,OPTEX
147,MSE1,hyperspectral,29.562526524558276,185,2013-09-01,LAB,0.428427102987875,KMZ
148,MSE2,hyperspectral,31.785024807025348,82,2014-03-17,LAB,0.8678930684084527,JRC
149,MSE2,multispectral,7.464653243994015,208,2013-09-03,INTER,0.7823149574804499,OPTEX
150,HSE,hyperspectral,7.957464420771603,161,2007-01-11,CROSS,0.43271791076375743,KMZ
151,HSE2,multispectral,31.348197797066465,172,2001-08-17,CROSS,0.7737340808808427,KMZ
152,MSE2,hyperspectral,31.97818000187261,83,2017-08-24,POLIGON,0.3078650626819074,NASA
153,HSE2,multispectral,37.13325570211189,55,2004-11-13,LAB,0.11424160795198457,KMZ
154,MSE1,hyperspectral,3.5438794984001607,189,2013-09-17,POLIGON,0.2984518041772425,KMZ
155,HSE,hyperspectral,2.073421891678488,243,2016-09-21,POLIGON,0.738472666452541,JRC
156,MSE2,multispectral,49.27741245544527,59,2014-07-17,INTER,0.9033544599072407,KMZ
157,MSE1,hyperspectral,16.320234200781638,81,2010-01-21,INTER,0.42486496116358186,NASA
158,HSE1,multispectral,19.674629805973094,236,2005-04-24,INTER,0.7727667490033082,KMZ
159,MSE1,multispectral,21.493679637746737,150,2009-02-24,POLIGON,0.9037187619396551,OPTEX
160,HSE1,multispectral,11.614874148846706,170,2003-07-07,INTER,0.44092665743035775,KMZ
161,HSE2,hyperspectral,14.60739293548496,104,2012-10-13,LAB,0.1623109760008583,OPTEX
162,MSE1,multispectral,42.52031199090165,143,2019-01-18,POLIGON,0.5502863459508169,NASA
163,HSE,hyperspectral,34.70418910562559,159,2012-06-01,LAB,0.3819438832870904,KMZ
164,MSE,multispectral,45.20863242859396,78,2020-11-14,POLIGON,0.9497050573692979,OPTEX
165,MSE1,hyperspectral,32.18850767112514,225,2013-03-21,LAB,0.8638898737364357,NASA
166,MSE,hyperspectral,33.165156444280385,94,2013-04-19,CROSS,0.48244001074812704,JRC
167,MSE2,hyperspectral,20.450771765558816,65,2011-02-05,CROSS,0.9823218541191567,OPTEX
168,MSE1,hyperspectral,6.793116595848435,206,2006-03-17,LAB,0.5099368486397317,JRC
169,MSE,hyperspectral,10.21591801316695,174,2007-08-25,POLIGON,0.5362951741502087,NASA
170,HSE,multispectral,17.664171163503497,71,2010-02-02,INTER,0.15790086258474612,OPTEX
171,MSE,hyperspectral,22.914070005670492,188,2010-04-02,CROSS,0.040651533306008125,NASA
172,MSE,multispectral,6.431715042240259,62,2014-03-04,POLIGON,0.9273680548887104,JRC
173,MSE,hyperspectral,7.649191510695135,148,2008-11-25,CROSS,0.8206657417490851,OPTEX
174,MSE1,hyperspectral,5.2961213973511665,111,2017-05-24,INTER,0.7293123504180143,JRC
175,HSE2,hyperspectral,17.45201080838924,80,2012-11-19,POLIGON,0.40451759325684367,NASA
176,HSE1,multispectral,48.43734919150435,134,2009-02-27,CROSS,0.4803043360324192,NASA
177,MSE1,hyperspectral,45.19091271852056,90,2014-02-26,INTER,0.06318431483440945,OPTEX
178,HSE1,multispectral,29.8966236724877,140,2005-10-14,CROSS,0.9536927625494952,NASA
179,MSE,hyperspectral,48.60652624829876,152,2002-12-25,LAB,0.705094135934923,OPTEX
180,MSE1,hyperspectral,47.228641493721746,93,2015-11-17,INTER,0.8887280100235181,OPTEX
181,HSE,multispectral,35.875416802196064,61,2006-10-21,INTER,0.16583660538919465,OPTEX
182,MSE2,hyperspectral,19.188714479276204,242,2008-12-19,INTER,0.29099562870182205,NASA
183,HSE2,multispectral,14.80361478232983,153,2017-07-20,POLIGON,0.1307248824883248,OPTEX
184,MSE,multispectral,12.303200632630583,183,2012-10-09,INTER,0.8885002493942168,NASA
185,MSE1,multispectral,20.551810911533877,199,2020-04-13,POLIGON,0.7447704928328399,NASA
186,HSE,hyperspectral,45.61810794796346,116,2014-03-01,POLIGON,0.16614401129283163,KMZ
187,MSE2,multispectral,33.344343972845756,218,2015-11-23,CROSS,0.030478179470666666,OPTEX
188,HSE1,hyperspectral,3.233500560511027,237,2013-08-02,INTER,0.5368033243756123,NASA
189,MSE1,hyperspectral,2.282667084009579,159,2017-08-08,CROSS,0.18385695510046896,JRC
190,MSE,hyperspectral,5.808206437833298,212,2009-09-04,CROSS,0.6360328416098278,KMZ
191,MSE2,hyperspectral,47.121585092702006,157,2010-12-07,CROSS,0.9726822951381939,JRC
192,HSE,hyperspectral,28.131343988183442,102,2000-01-06,LAB,0.4750678838680681,OPTEX
193,MSE,hyperspectral,42.40939257215411,220,2002-02-26,INTER,0.02478647721905436,OPTEX
194,MSE2,hyperspectral,43.814374270494895,126,2015-04-24,POLIGON,0.5119478732179714,JRC
195,MSE,multispectral,15.196357256217215,138,2013-12-19,POLIGON,0.7662746999802873,OPTEX
196,MSE2,multispectral,16.464095456849783,155,2006-07-10,CROSS,0.7050411543615165,KMZ
197,HSE1,multispectral,30.979835431360982,100,2007-06-26,INTER,0.23669073677336072,OPTEX
198,HSE,hyperspectral,28.471425712391177,206,2011-05-08,LAB,0.3766841605456409,KMZ
199,MSE1,hyperspectral,15.647057179676732,66,2019-05-06,CROSS,0.042714616191664834,NASA
200,MSE,multispectral,9.705166209618893,165,2017-07-13,CROSS,0.9454037543914547,JRC
201,MSE1,multispectral,2.6671161870522533,56,2015-05-22,INTER,0.9730328822444879,OPTEX
202,MSE,multispectral,25.751638036582964,110,2010-07-20,INTER,0.8553661923576523,KMZ
203,MSE,multispectral,46.6351777765633,167,2008-10-10,POLIGON,0.7356517026199241,JRC
204,MSE1,multispectral,48.327809340731626,243,2006-01-18,LAB,0.08036234310813883,JRC
205,HSE1,multispectral,9.765233633836186,199,2000-07-27,INTER,0.17924648654126685,JRC
206,HSE2,multispectral,33.22930536144198,140,2001-05-03,INTER,0.017182331737897072,NASA
207,HSE2,multispectral,11.269089459791937,87,2002-03-17,CROSS,0.6084219038218782,NASA
208,HSE2,hyperspectral,4.385260393278346,60,2015-08-04,CROSS,0.155668653154171,JRC
209,HSE,hyperspectral,15.148772054245704,196,2005-06-18,CROSS,0.48512951423619,JRC
210,HSE1,hyperspectral,11.703387324853727,215,2007-05-08,POLIGON,0.629163562409297,OPTEX
211,MSE,multispectral,8.97192479560868,168,2018-08-07,LAB,0.8450675627267358,NASA
212,MSE,hyperspectral,1.0971101915342059,85,2009-01-06,POLIGON,0.9893634544020198,NASA
213,HSE2,multispectral,7.1444267614017045,89,2018-04-10,LAB,0.7008232829272191,NASA
214,HSE2,hyperspectral,7.500943743505346,102,2021-02-10,INTER,0.915510910638284,KMZ
215,MSE2,hyperspectral,9.379505095909302,61,2016-01-11,INTER,0.5592388872646318,JRC
216,MSE,hyperspectral,44.68119890361103,60,2021-12-23,POLIGON,0.40979335724108157,JRC
217,MSE1,hyperspectral,38.8134227306166,225,2001-03-06,CROSS,0.5392316212765875,KMZ
218,MSE2,hyperspectral,38.25730887963471,78,2020-04-23,POLIGON,0.025749886952606382,JRC
219,HSE1,multispectral,33.53689320492497,108,2004-03-28,POLIGON,0.8622605258379525,JRC
220,MSE2,multispectral,5.56028838040255,131,2009-12-12,INTER,0.8507255396192663,OPTEX
221,MSE1,multispectral,27.50418217476009,90,2013-09-28,POLIGON,0.6617202431953962,KMZ
222,HSE,multispectral,2.780972598691592,104,2016-07-12,INTER,0.5428640661072337,JRC
223,HSE1,multispectral,37.45382451186823,169,2015-08-19,LAB,0.593692849224607,NASA
224,HSE,multispectral,23.32281760061044,246,2005-10-11,LAB,0.248726269485273,NASA
225,MSE1,multispectral,9.894165971938683,60,2007-12-11,LAB,0.19392092876812572,OPTEX
226,HSE2,multispectral,3.671723667686171,224,2010-12-18,INTER,0.054631910018946406,OPTEX
227,MSE1,multispectral,39.23926434705454,100,2011-10-13,INTER,0.3392688982030644,KMZ
228,MSE,hyperspectral,21.966110145900792,204,2008-12-22,CROSS,0.5240572918650246,OPTEX
229,HSE2,hyperspectral,22.011576398663053,91,2006-07-19,INTER,0.20095814837509518,NASA
230,MSE1,multispectral,44.816594000463866,222,2014-05-01,LAB,0.3146721520853023,NASA
231,HSE1,hyperspectral,44.77961303397538,182,2001-02-13,POLIGON,0.5783089074726276,JRC
232,MSE2,hyperspectral,14.392499063351746,172,2016-10-19,LAB,0.7099986853953083,OPTEX
233,HSE,hyperspectral,8.042111913658093,81,2012-03-18,LAB,0.13865439315213435,NASA
234,MSE2,multispectral,27.953274331035978,219,2000-08-24,POLIGON,0.3854456313430772,OPTEX
235,HSE2,hyperspectral,32.059451748628845,66,2002-05-19,LAB,0.44931675128166226,KMZ
236,HSE,multispectral,47.594822908158044,199,2018-03-02,LAB,0.6100322539521265,NASA
237,HSE2,multispectral,34.92976695433753,79,2021-10-15,INTER,0.2372205294857449,JRC
238,HSE2,multispectral,28.790933313800526,184,2017-01-20,LAB,0.6415395264353223,JRC
239,MSE,hyperspectral,37.29492813026379,217,2018-03-16,INTER,0.5337556421370239,JRC
240,MSE1,hyperspectral,25.944526480988635,94,2000-04-08,INTER,0.02405758721390494,OPTEX
241,HSE2,hyperspectral,1.459317204693233,226,2018-01-27,POLIGON,0.030860262850189835,JRC
242,MSE1,multispectral,41.08642839810376,189,2014-11-17,POLIGON,0.6197461823960579,NASA
243,HSE,multispectral,25.625358834045336,61,2006-08-15,POLIGON,0.3379701252961377,JRC
244,HSE1,multispectral,39.37478977449876,169,2016-05-27,CROSS,0.35823912890477727,JRC
245,HSE1,hyperspectral,2.109372556082434,79,2011-03-09,LAB,0.427787849600904,OPTEX
246,HSE2,hyperspectral,16.953595212976452,176,2008-02-16,CROSS,0.5363144364986917,JRC
247,MSE1,hyperspectral,2.5132139775396602,137,2003-11-06,LAB,0.033235762341196406,OPTEX
248,HSE2,hyperspectral,18.312463986107986,106,2002-09-20,LAB,0.7626055736554762,OPTEX
249,MSE2,multispectral,32.06610136026945,249,2000-07-06,POLIGON,0.10069482884507486,KMZ
250,MSE,multispectral,13.982284486906106,236,2016-07-08,POLIGON,0.36728978509660626,JRC
251,MSE1,multispectral,3.4388869291088886,168,2009-02-22,LAB,0.755456867384049,KMZ
252,HSE,hyperspectral,10.25694317380376,173,2021-12-16,POLIGON,0.23107755397938257,JRC
253,HSE1,hyperspectral,41.440545971327495,106,2008-04-10,INTER,0.534912119644321,NASA
254,MSE1,hyperspectral,14.164433932106338,199,2010-12-13,INTER,0.7774755826021558,KMZ
255,HSE,hyperspectral,40.88772089302414,145,2000-12-24,LAB,0.4241033078442943,KMZ
256,MSE2,multispectral,45.92970436250503,164,2018-09-12,LAB,0.6203077753703016,OPTEX
257,HSE2,hyperspectral,45.42002741420409,111,2001-05-05,POLIGON,0.05508589860481583,KMZ
258,HSE1,multispectral,12.249778524149535,190,2017-08-13,CROSS,0.0998604593392729,JRC
259,HSE2,multispectral,7.647778398069512,169,2006-06-09,POLIGON,0.8844072132602395,KMZ
260,HSE2,multispectral,34.44960556530306,222,2000-09-24,LAB,0.03870991908972288,NASA
261,HSE2,hyperspectral,49.553618719820086,168,2000-09-11,INTER,0.8417945929239274,JRC
262,MSE2,hyperspectral,41.29424264659289,146,2020-11-09,POLIGON,0.5494937149509943,KMZ
263,HSE2,hyperspectral,2.5160861346387007,135,2015-08-11,INTER,0.2945107449604979,KMZ
264,MSE2,hyperspectral,21.34187815571771,251,2000-07-14,INTER,0.02882515350719239,OPTEX
265,MSE,hyperspectral,15.085436962611867,138,2015-12-03,LAB,0.14226818184223256,OPTEX
266,HSE1,multispectral,3.064895711169034,145,2015-05-05,POLIGON,0.42930590612266173,KMZ
267,MSE2,hyperspectral,10.663987081418377,103,2002-08-01,INTER,0.9449873309170811,OPTEX
268,MSE2,multispectral,36.38979648840996,169,2008-01-19,LAB,0.27664116695369245,KMZ
269,MSE1,multispectral,49.332060827262985,248,2018-03-07,CROSS,0.749081341831015,OPTEX
270,HSE1,multispectral,42.17198524166888,125,2006-03-26,CROSS,0.7825577803794757,KMZ
271,HSE1,multispectral,14.415972949382471,50,2003-11-14,INTER,0.00941886824707916,KMZ
272,MSE2,multispectral,47.964148115156,82,2015-06-25,LAB,0.860499831239297,JRC
273,MSE2,multispectral,10.768158395394757,233,2010-05-28,CROSS,0.3625822896019172,KMZ
274,MSE1,hyperspectral,32.911992609879036,190,2002-09-18,LAB,0.504379338575694,JRC
275,HSE,multispectral,24.650885011109114,77,2019-11-18,INTER,0.32684824001135526,KMZ
276,MSE1,multispectral,40.92781924693822,123,2009-08-09,LAB,0.2583960601597022,JRC
277,HSE1,hyperspectral,5.815439210031481,84,2002-06-02,LAB,0.07377382837375657,NASA
278,MSE1,multispectral,34.0206643916259,165,2015-10-20,LAB,0.6004270818551853,OPTEX
279,MSE,multispectral,45.93900297084708,212,2012-04-07,POLIGON,0.0512792555989916,NASA
280,MSE,hyperspectral,19.65615653563717,136,2009-06-04,LAB,0.89036068028478,KMZ
281,MSE1,multispectral,38.68900747889239,230,2008-07-28,POLIGON,0.5605652615211348,OPTEX
282,HSE2,hyperspectral,33.644495244508,62,2019-07-20,POLIGON,0.8059217358422036,KMZ
283,HSE1,multispectral,47.437835053554885,103,2002-01-04,LAB,0.9407486174005728,JRC
284,MSE1,multispectral,19.79891224547871,250,2007-05-22,CROSS,0.2925025650003764,JRC
285,MSE,hyperspectral,12.037950339497364,207,2017-02-13,POLIGON,0.4760698019034676,KMZ
286,HSE,hyperspectral,25.99766234877978,145,2000-04-04,POLIGON,0.6607108975567886,NASA
287,HSE2,multispectral,28.09115580408591,90,2017-07-23,POLIGON,0.47535112568136884,JRC
288,MSE1,hyperspectral,11.332458633990758,107,2012-12-25,POLIGON,0.38904943529715386,KMZ
289,HSE1,multispectral,5.9680185865079975,122,2014-11-19,LAB,0.7538981407169998,JRC
290,HSE2,hyperspectral,18.656355386530116,102,2020-05-19,CROSS,0.17307402216253165,KMZ
291,HSE1,hyperspectral,47.00497780931605,212,2013-09-25,CROSS,0.41857755082347525,KMZ
292,HSE,hyperspectral,14.373976709591748,92,2007-03-03,LAB,0.954626430561512,OPTEX
293,MSE2,hyperspectral,13.171782476588868,232,2021-10-17,LAB,0.8215947524819908,JRC
294,HSE,hyperspectral,45.14391866503918,239,2006-11-09,INTER,0.4596779871927341,NASA
295,HSE,multispectral,9.740101137175296,231,2015-08-12,POLIGON,0.41627449478037126,NASA
296,HSE1,multispectral,15.756116247380003,174,2008-12-25,LAB,0.7069833531421357,OPTEX
297,MSE2,multispectral,10.069248001237492,73,2019-01-09,POLIGON,0.8165122546239542,NASA
298,HSE,hyperspectral,15.049999212557237,158,2000-03-12,POLIGON,0.030867379061095268,OPTEX
299,MSE,hyperspectral,23.48477264644044,137,2007-05-17,INTER,0.4280044611402015,OPTEX
300,HSE2,multispectral,20.854636766533353,226,2014-04-06,INTER,0.1920712565981425,JRC
301,MSE,hyperspectral,35.353420095677215,121,2003-07-18,POLIGON,0.8206250912161386,NASA
302,HSE1,hyperspectral,37.087804386748715,61,2016-07-23,LAB,0.04691009978054239,OPTEX
303,HSE1,hyperspectral,39.9512356390412,102,2010-09-25,POLIGON,0.814650051251699,OPTEX
304,MSE,multispectral,20.73060635081344,54,2002-03-23,CROSS,0.7631892546371566,NASA
305,MSE,hyperspectral,32.933927002185435,201,2018-09-24,INTER,0.9803376212710699,JRC
306,MSE,multispectral,43.547564900298575,236,2006-05-02,LAB,0.11755839879361629,KMZ
307,HSE2,multispectral,39.864093512721865,137,2001-10-20,CROSS,0.9390371064462663,JRC
308,MSE,hyperspectral,46.99895686748785,85,2001-06-16,LAB,0.6060709770337066,NASA
309,HSE1,hyperspectral,42.458976831973494,204,2003-07-17,LAB,0.09497967163959675,KMZ
310,MSE2,hyperspectral,16.851236944584677,201,2001-05-01,CROSS,0.25987533197350454,JRC
311,MSE1,multispectral,30.980729796201842,227,2016-06-16,POLIGON,0.23716758087295875,JRC
312,HSE1,hyperspectral,20.85685906386916,82,2021-03-12,INTER,0.752946716122631,KMZ
313,HSE2,multispectral,48.99248613251009,229,2008-07-09,POLIGON,0.9325618004659735,NASA
314,HSE,hyperspectral,30.222653586210082,81,2011-11-26,INTER,0.14924059295190995,JRC
315,MSE,multispectral,40.61430949478664,183,2004-02-07,LAB,0.6676172818753312,JRC
316,MSE2,hyperspectral,39.64744702731834,105,2015-02-13,INTER,0.7852743839476769,NASA
317,HSE2,hyperspectral,33.30764437554628,208,2019-01-25,POLIGON,0.12805217992530749,JRC
318,HSE1,hyperspectral,39.48299046267974,175,2000-12-01,POLIGON,0.3461057236765199,OPTEX
319,MSE,hyperspectral,44.83110236965206,214,2009-10-11,CROSS,0.14581715148046281,OPTEX
320,HSE1,multispectral,31.30378038956895,119,2000-06-17,POLIGON,0.6475840308507379,NASA
321,HSE,hyperspectral,34.543971746608186,78,2008-02-22,CROSS,0.23491045592910864,NASA
322,HSE1,multispectral,19.877154399337815,126,2003-04-04,INTER,0.6342221878993114,NASA
323,MSE2,hyperspectral,30.44663432205345,220,2013-01-15,CROSS,0.3252351356344386,OPTEX
324,HSE,multispectral,23.072724044258905,64,2000-12-21,INTER,0.4419599089804176,OPTEX
325,MSE,hyperspectral,31.407976287871637,196,2011-12-19,INTER,0.298980964801972,NASA
326,HSE,multispectral,35.01727983321375,81,2008-12-10,POLIGON,0.9555068123936103,KMZ
327,MSE,hyperspectral,33.95457707521471,88,2000-08-13,POLIGON,0.7094450971248363,OPTEX
328,HSE2,hyperspectral,22.241642165074403,121,2005-04-09,CROSS,0.701060977552623,NASA
329,MSE,multispectral,6.7254871886319085,189,2016-08-24,POLIGON,0.7634413965978916,OPTEX
330,HSE1,hyperspectral,17.287694075169505,136,2018-02-02,POLIGON,0.546857072998696,NASA
331,MSE1,multispectral,33.81669415880614,207,2017-09-20,POLIGON,0.6454736171704281,NASA
332,MSE2,hyperspectral,11.049016364478314,73,2017-07-18,INTER,0.7072588760314397,KMZ
333,HSE1,multispectral,23.552147396930735,88,2001-10-08,POLIGON,0.8074492287780667,OPTEX
334,MSE2,multispectral,8.193316647550436,75,2007-09-08,CROSS,0.8616684031381069,JRC
335,MSE1,hyperspectral,28.48999970621471,82,2010-12-23,INTER,0.5848403876127392,JRC
336,MSE1,multispectral,32.252558216143925,250,2000-06-24,CROSS,0.6974408738979262,KMZ
337,MSE2,multispectral,4.352351780509254,71,2013-06-05,CROSS,0.9231475726227092,KMZ
338,HSE,hyperspectral,33.96938299771704,226,2009-03-08,INTER,0.03217948989394659,OPTEX
339,HSE1,multispectral,23.033720500174088,136,2002-07-19,INTER,0.860368630874851,KMZ
340,MSE,hyperspectral,6.056585576060082,56,2011-11-24,INTER,0.7952289914233145,NASA
341,HSE,hyperspectral,25.618663027059835,209,2010-02-04,INTER,0.2933536005537847,JRC
342,MSE2,multispectral,20.485154570832837,146,2012-01-11,POLIGON,0.9080639775565738,KMZ
343,HSE,multispectral,32.15070150667148,242,2000-12-16,POLIGON,0.8098770743095849,OPTEX
344,HSE2,hyperspectral,8.282297401127126,253,2020-10-07,CROSS,0.9599947763028422,KMZ
345,MSE,hyperspectral,25.18342725950686,246,2016-02-13,LAB,0.31812580903972987,JRC
346,HSE2,hyperspectral,30.952588373381865,182,2020-07-05,CROSS,0.053213975472533925,OPTEX
347,HSE,hyperspectral,38.214904521619935,206,2016-05-13,CROSS,0.8520841236995927,NASA
348,HSE,hyperspectral,16.969917667931508,65,2008-08-16,POLIGON,0.34569321665473096,OPTEX
349,HSE1,multispectral,48.709008536940416,124,2004-10-25,CROSS,0.32783002451640353,JRC
350,MSE1,hyperspectral,16.025607122335277,198,2003-09-18,LAB,0.5912321606681865,OPTEX
351,MSE,multispectral,14.132628762899756,133,2000-10-24,LAB,0.6459008592382431,JRC
352,HSE1,hyperspectral,25.180324032949546,125,2006-07-03,INTER,0.017570644014344716,NASA
353,MSE,multispectral,15.025443315432172,125,2002-04-27,POLIGON,0.02666442863768137,KMZ
354,MSE2,multispectral,3.7142400098802173,182,2008-05-01,LAB,0.9676116669715612,NASA
355,MSE,hyperspectral,49.575102370665476,113,2008-01-03,INTER,0.6230136252397926,NASA
356,HSE,hyperspectral,10.260452318543885,56,2001-04-02,LAB,0.781704410562001,NASA
357,HSE2,hyperspectral,43.67231839362582,120,2016-11-19,POLIGON,0.1561333238002397,JRC
358,MSE,hyperspectral,45.85924565672541,235,2014-02-28,INTER,0.7167484445036773,KMZ
359,MSE1,multispectral,8.961528194454349,56,2001-01-12,LAB,0.6625274415023766,KMZ
360,MSE,hyperspectral,5.581609525170835,223,2004-12-04,INTER,0.6119319725782946,KMZ
361,HSE1,multispectral,26.808674136068454,172,2008-02-02,LAB,0.862962966936659,NASA
362,HSE1,hyperspectral,4.336100366140114,67,2014-07-27,LAB,0.4019124898052181,NASA
363,MSE1,multispectral,22.42090093381276,184,2021-05-24,INTER,0.6448496755072906,KMZ
364,MSE2,hyperspectral,18.681994372873692,61,2005-12-06,INTER,0.2882229161946771,OPTEX
365,MSE2,hyperspectral,25.360764252097738,96,2003-07-15,POLIGON,0.23350078467189683,NASA
366,MSE2,hyperspectral,27.13492346751724,63,2015-10-22,CROSS,0.09390068484858405,KMZ
367,HSE1,multispectral,20.141212211860132,175,2014-02-13,LAB,0.518313706869818,KMZ
368,MSE1,hyperspectral,3.6532956796034854,197,2009-11-23,LAB,0.09755769291672256,NASA
369,MSE2,hyperspectral,47.25972751118452,196,2017-07-24,INTER,0.3515794015520268,OPTEX
370,HSE1,multispectral,19.174692745042567,235,2008-04-24,INTER,0.2373397252093209,OPTEX
371,MSE2,multispectral,28.050475170530028,161,2011-08-16,INTER,0.7078758685268235,JRC
372,HSE,multispectral,47.101611692689104,112,2010-06-22,INTER,0.08898545323173312,OPTEX
373,HSE,multispectral,43.43033121808766,68,2007-02-05,CROSS,0.4609259772675339,JRC
374,HSE2,multispectral,15.126787440164373,238,2011-07-06,INTER,0.6147536425491215,OPTEX
375,MSE2,multispectral,25.488758430034608,59,2007-04-16,POLIGON,0.6553081963073255,NASA
376,HSE,hyperspectral,48.742912749238876,166,2002-02-13,INTER,0.848824906865154,KMZ
377,HSE,hyperspectral,4.369866418164427,140,2014-12-15,INTER,0.6713630480469671,KMZ
378,MSE,multispectral,21.432107462216596,173,2012-03-13,POLIGON,0.7541319341772369,KMZ
379,HSE,multispectral,10.744293983060935,144,2007-09-05,INTER,0.8545789564299248,JRC
380,HSE,hyperspectral,28.123080546299793,96,2021-03-10,INTER,0.7710760570718497,NASA
381,HSE1,hyperspectral,38.23932243312468,163,2001-01-28,INTER,0.13734199105977807,KMZ
382,HSE2,hyperspectral,31.45774696578103,204,2012-10-27,INTER,0.6886196763682736,NASA
383,MSE2,multispectral,17.07404888977332,101,2006-05-10,CROSS,0.36275801157611953,NASA
384,HSE,multispectral,5.872938129516447,240,2003-09-22,LAB,0.8060311948415382,KMZ
385,HSE2,hyperspectral,24.262263221179232,198,2005-02-27,INTER,0.054483092189620996,OPTEX
386,HSE2,hyperspectral,41.5984954639561,192,2007-12-22,CROSS,0.8625203913008994,OPTEX
387,HSE2,hyperspectral,42.376065913443675,50,2019-04-06,CROSS,0.730333770615995,OPTEX
388,MSE2,hyperspectral,5.166592417377843,106,2000-05-23,INTER,0.011072041414244671,NASA
389,MSE1,multispectral,36.540594407410346,85,2010-02-09,INTER,0.13515785065096297,KMZ
390,MSE2,multispectral,10.324053259539982,181,2008-08-05,POLIGON,0.21871244812914092,NASA
391,HSE2,hyperspectral,45.58642692063964,235,2006-02-17,CROSS,0.5786586910583053,OPTEX
392,HSE1,hyperspectral,44.49350555870697,88,2008-01-03,CROSS,0.6994281916519213,OPTEX
393,MSE2,multispectral,30.70512836183498,54,2005-07-10,POLIGON,0.8126057291491313,JRC
394,HSE1,multispectral,44.97450763903185,54,2000-08-24,POLIGON,0.1363302548855122,KMZ
395,HSE2,multispectral,40.81496675054291,172,2018-01-28,CROSS,0.09884889251043327,NASA
396,HSE2,hyperspectral,20.62157336853424,82,2017-12-07,CROSS,0.8645112478041032,OPTEX
397,MSE2,multispectral,19.555482721478306,211,2019-08-15,CROSS,0.06596446582346471,NASA
398,HSE,hyperspectral,17.31032980266375,245,2005-07-21,LAB,0.13769359679727844,KMZ
399,MSE2,hyperspectral,24.6098356472674,124,2014-04-11,CROSS,0.9770573282015544,JRC
400,HSE1,hyperspectral,12.022265805488653,68,2020-07-20,POLIGON,0.45171408940917,KMZ
401,HSE2,hyperspectral,4.296880373941647,217,2018-08-07,INTER,0.6442624741536098,OPTEX
402,HSE,multispectral,6.078404903388454,187,2006-03-24,LAB,0.7636799123796837,NASA
403,HSE1,hyperspectral,8.269438572625553,83,2009-02-10,INTER,0.20238130830210355,NASA
404,MSE1,hyperspectral,38.411569021444414,233,2010-02-01,POLIGON,0.8896112732742835,OPTEX
405,HSE2,multispectral,3.6517552373448074,114,2007-02-21,POLIGON,0.37963480063726096,NASA
406,HSE1,multispectral,28.962533694370453,66,2001-07-20,CROSS,0.41496836546751403,JRC
407,MSE1,multispectral,33.515370729067236,180,2006-11-03,POLIGON,0.7263537815746649,JRC
408,MSE1,hyperspectral,43.28994760934707,193,2017-09-10,CROSS,0.3335026289689518,OPTEX
409,HSE2,hyperspectral,6.910790540162633,94,2005-06-22,LAB,0.46638162233161107,KMZ
410,HSE2,multispectral,38.62507112000285,116,2012-06-21,CROSS,0.6553786964485556,KMZ
411,HSE2,multispectral,25.939418721933183,223,2000-06-24,POLIGON,0.25042414263840984,NASA
412,MSE1,multispectral,17.211286780226317,56,2013-10-27,INTER,0.777479468720493,JRC
413,MSE2,multispectral,21.67272567409279,243,2016-12-17,POLIGON,0.9276198618455813,KMZ
414,MSE1,hyperspectral,27.30226863869644,200,2009-05-21,POLIGON,0.6427279577736973,NASA
415,MSE2,hyperspectral,21.159214349533773,224,2020-08-21,CROSS,0.02497072463785277,NASA
416,HSE2,hyperspectral,28.482856286930627,120,2019-09-20,POLIGON,0.8985165258789269,KMZ
417,HSE2,hyperspectral,48.83578595484863,54,2013-09-08,LAB,0.4903984275886346,NASA
418,HSE2,multispectral,25.256411467955648,107,2003-04-04,CROSS,0.3551238048618034,OPTEX
419,HSE1,multispectral,22.964107327439056,85,2005-07-05,CROSS,0.4385834747405304,JRC
420,HSE,multispectral,9.4026490789821,97,2000-12-23,POLIGON,0.3973417024642588,KMZ
421,HSE1,hyperspectral,4.807476043576939,166,2016-04-10,CROSS,0.08673920057481432,NASA
422,HSE2,hyperspectral,35.98598936942561,135,2009-01-02,POLIGON,0.6222293126099391,NASA
423,HSE1,multispectral,15.82912463751336,230,2011-03-15,CROSS,0.24223478475257187,KMZ
424,MSE,hyperspectral,10.444575709911826,134,2010-12-23,LAB,0.33529716102916574,OPTEX
425,MSE,multispectral,43.16441570319937,86,2011-04-12,LAB,0.0853684596177201,JRC
426,HSE,multispectral,25.09631556039128,232,2004-10-02,CROSS,0.3448574620921916,JRC
427,HSE2,multispectral,16.823080379639364,150,2010-06-25,LAB,0.2051344557477668,JRC
428,HSE2,multispectral,19.953838333133547,80,2010-07-24,INTER,0.3031380771920301,NASA
429,HSE2,multispectral,29.00313438756533,165,2013-05-26,INTER,0.0555057754198921,NASA
430,MSE1,hyperspectral,1.798825148120903,148,2008-09-26,INTER,0.7250976880801059,JRC
431,MSE2,multispectral,37.19742060343824,85,2007-06-22,POLIGON,0.7602689985077776,JRC
432,HSE2,hyperspectral,5.981959276100505,233,2005-02-26,LAB,0.52456947020967,OPTEX
433,MSE1,multispectral,9.61969506639037,163,2020-07-15,LAB,0.3028427484263929,NASA
434,HSE1,hyperspectral,5.3393901287020284,250,2020-12-20,INTER,0.10746590541837331,OPTEX
435,HSE1,hyperspectral,26.495840363988442,163,2001-02-20,LAB,0.13378210433378357,NASA
436,MSE1,hyperspectral,7.5103748565499835,156,2016-06-07,LAB,0.777002937963023,OPTEX
437,HSE,multispectral,20.93939761968661,127,2019-02-23,CROSS,0.796777530312434,OPTEX
438,HSE,hyperspectral,41.60867276750275,114,2011-01-01,POLIGON,0.10870760849677241,KMZ
439,MSE2,hyperspectral,7.138939150629504,141,2002-03-18,CROSS,0.16441849635082617,OPTEX
440,MSE1,multispectral,41.00469762782305,145,2008-05-16,POLIGON,0.7122314934831265,OPTEX
441,HSE2,hyperspectral,47.36620128325853,101,2002-08-03,LAB,0.8007760146154518,OPTEX
442,MSE1,hyperspectral,45.359934777215464,177,2014-04-11,LAB,0.053478894469953575,NASA
443,HSE2,multispectral,44.20648243112735,83,2006-12-01,POLIGON,0.4131785127696034,OPTEX
444,MSE2,multispectral,26.44873418229186,237,2004-05-26,LAB,0.36030249594053143,NASA
445,HSE1,hyperspectral,13.625635233425008,110,2016-08-19,INTER,0.22087088392428378,NASA
446,HSE1,multispectral,20.92195630115867,75,2002-05-20,POLIGON,0.6653265976524518,JRC
447,HSE,multispectral,22.439187547628624,184,2006-07-15,POLIGON,0.4496674260479311,JRC
448,HSE,multispectral,19.24299227756872,123,2003-10-06,POLIGON,0.22535836072905735,OPTEX
449,HSE,hyperspectral,45.286176800525226,79,2005-04-26,POLIGON,0.5401382841208199,JRC
450,HSE1,multispectral,20.329045806704997,157,2011-02-21,INTER,0.3298772769645455,KMZ
451,MSE1,multispectral,27.502948020527512,140,2009-03-22,CROSS,0.5016843830555135,KMZ
452,MSE,multispectral,10.075164648134976,236,2019-08-24,INTER,0.37377021978084246,JRC
453,HSE2,hyperspectral,18.561805675987816,252,2010-11-04,CROSS,0.4162164766515182,KMZ
454,HSE,hyperspectral,36.14845545968489,119,2021-09-11,POLIGON,0.4557676002378961,OPTEX
455,HSE1,hyperspectral,30.364974856882657,189,2001-10-09,INTER,0.5906804059207118,NASA
456,HSE1,multispectral,42.91494008555984,169,2009-07-28,CROSS,0.2838191397761357,KMZ
457,MSE,hyperspectral,24.390142805829978,214,2002-04-20,POLIGON,0.13708867505543854,NASA
458,MSE,multispectral,3.5341342302101713,223,2010-06-24,INTER,0.07122614755288748,OPTEX
459,HSE,hyperspectral,49.09520282671063,186,2016-02-21,LAB,0.5292606409451668,KMZ
460,MSE1,hyperspectral,7.9886595362568755,198,2005-04-17,LAB,0.24247715769277756,NASA
461,MSE,hyperspectral,21.021508739370585,157,2006-10-23,CROSS,0.7056045810484752,KMZ
462,MSE,hyperspectral,45.426170298266776,196,2016-10-08,POLIGON,0.006360967061354361,OPTEX
463,HSE2,hyperspectral,10.493830497733489,118,2018-05-16,LAB,0.979105561053158,JRC
464,HSE1,multispectral,20.637843012329665,153,2016-03-26,CROSS,0.047133391339365005,OPTEX
465,HSE1,hyperspectral,20.080853314918983,228,2020-01-19,CROSS,0.2894541859088471,NASA
466,HSE1,multispectral,35.234592602641385,55,2007-09-04,POLIGON,0.2454886250436269,KMZ
467,MSE1,hyperspectral,27.15900816432014,113,2016-10-24,LAB,0.013248623615127353,KMZ
468,HSE2,hyperspectral,28.326303548947454,157,2009-02-20,POLIGON,0.4280941543162472,OPTEX
469,HSE2,hyperspectral,38.82968103452988,118,2019-01-12,LAB,0.1846537063766731,KMZ
470,HSE1,hyperspectral,24.075149474139195,191,2015-08-07,LAB,0.9399422135918956,OPTEX
471,MSE1,hyperspectral,15.290648567706786,53,2010-02-13,POLIGON,0.3881322217680929,JRC
472,MSE2,hyperspectral,17.245182263314646,70,2000-04-27,INTER,0.8318428595895604,KMZ
473,HSE1,multispectral,31.808727408185973,137,2018-11-02,INTER,0.7028649254930025,KMZ
474,HSE1,multispectral,32.98302058027774,147,2012-08-07,POLIGON,0.36300614277546117,JRC
475,HSE,multispectral,46.59585738446618,227,2003-12-16,CROSS,0.03379294772763053,KMZ
476,MSE1,hyperspectral,42.306811747271,119,2000-09-20,LAB,0.5016685538989571,NASA
477,MSE,multispectral,24.38388536845051,92,2016-11-26,LAB,0.3015043550528971,OPTEX
478,HSE1,hyperspectral,18.04248651032786,108,2017-02-02,LAB,0.7300197312459901,NASA
479,MSE2,hyperspectral,4.0888880188422325,207,2018-07-03,INTER,0.34893294483634674,KMZ
480,HSE1,hyperspectral,36.260901220660585,50,2017-07-28,POLIGON,0.19721563655672003,NASA
481,MSE1,hyperspectral,17.96681877913536,162,2013-07-27,INTER,0.6543676717756217,KMZ
482,HSE,multispectral,38.101146763192,79,2011-06-10,INTER,0.8666755160515978,NASA
483,HSE1,multispectral,39.12597594719816,214,2001-09-23,INTER,0.3410627977130112,NASA
484,HSE1,multispectral,28.388555784332105,205,2009-12-06,CROSS,0.2649813426997595,JRC
485,MSE1,hyperspectral,25.40535188530626,253,2020-12-27,LAB,0.05147123206457038,OPTEX
486,MSE,multispectral,41.88307436679556,102,2014-09-11,INTER,0.5810244744713661,JRC
487,HSE2,hyperspectral,16.834148876965628,199,2007-11-17,POLIGON,0.10229184008912251,JRC
488,MSE1,multispectral,29.861540553717855,152,2018-09-28,POLIGON,0.9036933469734739,OPTEX
489,MSE1,hyperspectral,5.983555374405852,196,2006-10-28,INTER,0.41481016063409293,OPTEX
490,HSE1,hyperspectral,17.64142312851683,193,2019-03-18,LAB,0.016765059921550085,KMZ
491,HSE,hyperspectral,35.863622800147404,247,2021-08-13,POLIGON,0.2995574091897608,KMZ
492,HSE,hyperspectral,30.811066086357815,62,2007-09-17,POLIGON,0.7446350477809155,KMZ
493,MSE1,multispectral,16.818164323736035,153,2020-12-13,LAB,0.7501859477002423,KMZ
494,HSE1,hyperspectral,25.962885516908344,97,2006-10-28,LAB,0.8047924510189214,NASA
495,MSE,multispectral,4.0968384764253445,197,2015-06-15,POLIGON,0.1637804451056194,JRC
496,MSE1,multispectral,44.29615893998377,127,2020-10-19,LAB,0.2897194006523406,NASA
497,MSE1,hyperspectral,11.047123583662426,111,2009-12-24,LAB,0.7739598347317769,NASA
498,HSE2,hyperspectral,21.068332121348796,173,2021-12-03,INTER,0.7679317328800382,KMZ
499,HSE1,hyperspectral,36.816753526273004,235,2019-08-01,POLIGON,0.3567109336003985,NASA
500,MSE,hyperspectral,22.03186128961103,160,2013-07-26,POLIGON,0.7571999094829954,OPTEX
501,HSE,multispectral,45.38349804024952,174,2008-05-15,POLIGON,0.9931120480974929,NASA
502,MSE1,hyperspectral,41.660042583223245,158,2001-07-24,LAB,0.8658687889037349,NASA
503,MSE1,hyperspectral,8.641141602028528,227,2005-08-07,POLIGON,0.9355443730608645,NASA
504,HSE1,multispectral,47.57367843159658,143,2010-09-28,CROSS,0.054804739380027945,JRC
505,HSE2,hyperspectral,18.579590519494303,206,2001-03-02,LAB,0.3190977832330417,NASA
506,MSE1,multispectral,10.045911666893714,96,2010-09-15,INTER,0.9189059378481361,JRC
507,HSE,multispectral,47.86324678800242,112,2021-08-02,LAB,0.3745807840098414,KMZ
508,HSE1,hyperspectral,27.65229696128463,111,2010-08-17,POLIGON,0.7079633384923552,NASA
509,MSE1,multispectral,32.88120677062559,74,2016-04-04,CROSS,0.004627934688788415,JRC
510,MSE1,hyperspectral,24.257646343653068,217,2014-10-15,INTER,0.20078228261498898,NASA
511,HSE1,multispectral,18.91288364179605,195,2020-08-10,CROSS,0.9111201733138364,OPTEX
512,MSE2,hyperspectral,44.86819614124018,121,2002-08-13,CROSS,0.4151263052199484,NASA
513,HSE1,multispectral,48.58144360764484,208,2009-03-17,LAB,0.5166889218915655,KMZ
514,MSE1,multispectral,38.2974885211139,224,2002-08-02,CROSS,0.23492024309000803,JRC
515,MSE2,hyperspectral,10.502922069748973,255,2003-06-02,POLIGON,0.6072725651684813,NASA
516,MSE2,hyperspectral,6.666396569134842,167,2001-07-26,CROSS,0.8266614940104191,JRC
517,HSE1,hyperspectral,22.58837472056209,90,2021-04-26,POLIGON,0.7442480053374718,KMZ
518,MSE2,hyperspectral,10.311490614203361,165,2018-03-16,POLIGON,0.9644340462540715,OPTEX
519,HSE,hyperspectral,9.662580907259718,150,2013-10-04,INTER,0.8582187879966742,OPTEX
520,HSE1,multispectral,9.272391890135223,251,2016-02-19,LAB,0.9323200956916479,NASA
521,HSE,multispectral,32.89836757360196,58,2010-07-10,POLIGON,0.10550177897567459,NASA
522,MSE2,multispectral,22.521883944117345,238,2020-09-19,INTER,0.9436068305804765,KMZ
523,MSE2,multispectral,8.65039683030977,51,2000-07-17,LAB,0.6626554499768195,JRC
524,MSE2,hyperspectral,8.889303241924667,51,2015-11-13,POLIGON,0.5490398270881219,JRC
525,MSE,multispectral,9.214782524003398,158,2005-01-11,INTER,0.3250520728360856,NASA
526,MSE1,hyperspectral,5.263065555111857,235,2021-02-21,INTER,0.9712875745324563,OPTEX
527,MSE2,multispectral,48.360852078067744,76,2005-08-16,CROSS,0.4458364734092707,KMZ
528,HSE2,multispectral,4.8392801774708385,117,2016-11-17,INTER,0.13507838260985006,KMZ
529,HSE,hyperspectral,15.820916754047326,96,2021-05-06,LAB,0.13513122582194248,KMZ
530,MSE2,hyperspectral,29.868698848218123,97,2009-08-01,CROSS,0.732987216802853,JRC
531,MSE2,hyperspectral,26.90170224861522,145,2001-01-16,LAB,0.5390527699184676,OPTEX
532,HSE1,multispectral,17.310120640905467,125,2003-10-20,LAB,0.7496252322237725,JRC
533,MSE1,multispectral,9.335332916770144,179,2001-09-03,LAB,0.053364806913113294,JRC
534,MSE,multispectral,42.536385208280755,202,2004-12-09,LAB,0.06192999627826701,OPTEX
535,HSE2,hyperspectral,11.229041059227033,233,2002-03-04,INTER,0.25642468569674925,OPTEX
536,MSE2,multispectral,25.703186080982476,250,2009-04-21,CROSS,0.457372018659857,NASA
537,MSE,multispectral,16.025802540924197,237,2016-06-21,CROSS,0.001140135002027809,NASA
538,MSE,hyperspectral,37.98485963087905,231,2010-08-21,LAB,0.22141217929787504,OPTEX
539,HSE2,multispectral,8.020489238647848,174,2003-07-23,INTER,0.4102775987056385,KMZ
540,MSE2,multispectral,20.13618387245049,250,2008-10-16,LAB,0.1571032945796843,KMZ
541,MSE,multispectral,9.532923504240182,208,2009-06-17,LAB,0.6681431364722307,NASA
542,MSE,multispectral,38.91079370228636,211,2006-12-20,CROSS,0.2178200836838079,KMZ
543,MSE1,multispectral,32.70690646153888,142,2000-12-28,LAB,0.1821802695389637,OPTEX
544,HSE,hyperspectral,6.704775294140165,185,2010-06-02,LAB,0.44273345026346866,KMZ
545,MSE,multispectral,35.976758934179145,109,2001-03-11,CROSS,0.6278322814917405,OPTEX
546,MSE1,multispectral,19.277349186710726,90,2003-03-16,CROSS,0.2780338969204721,KMZ
547,MSE2,multispectral,1.7999952739863012,133,2003-10-12,INTER,0.30526634973751077,NASA
548,MSE1,hyperspectral,21.85849063048065,61,2001-01-08,INTER,0.055974127782276506,NASA
549,HSE,multispectral,2.8050080836543136,161,2021-03-26,INTER,0.00691121778365078,KMZ
550,HSE2,hyperspectral,6.821816711643586,50,2004-01-21,CROSS,0.8042166170408461,OPTEX
551,MSE,multispectral,45.464981823492614,229,2010-02-08,INTER,0.496605061325762,OPTEX
552,MSE1,multispectral,3.3882825079393832,168,2001-07-02,POLIGON,0.5352246683636703,KMZ
553,MSE,multispectral,40.30513021616745,53,2020-01-08,CROSS,0.8961910754260679,OPTEX
554,HSE,hyperspectral,15.779873729102086,109,2010-03-23,LAB,0.1336271742356543,JRC
555,HSE1,hyperspectral,18.233363201317744,157,2017-09-14,POLIGON,0.5622004064717383,KMZ
556,HSE2,hyperspectral,44.83831689951977,214,2014-11-28,INTER,0.04909969468108155,KMZ
557,MSE1,multispectral,27.321480716685123,74,2007-12-02,LAB,0.545263126331467,KMZ
558,HSE2,multispectral,14.570797931013457,224,2007-02-24,CROSS,0.45094906109760124,JRC
559,MSE1,hyperspectral,14.702147858721379,151,2021-09-11,LAB,0.9736926400523629,KMZ
560,HSE,multispectral,25.222100765515826,143,2021-03-25,INTER,0.5031474899618991,OPTEX
561,MSE,multispectral,12.026580959749634,102,2004-04-25,CROSS,0.28197391182799025,JRC
562,HSE2,hyperspectral,37.06984831772824,114,2012-04-22,CROSS,0.3713751627132753,NASA
563,MSE,multispectral,29.180577379712584,167,2000-02-01,CROSS,0.07243260391950523,OPTEX
564,HSE,hyperspectral,13.152076382867007,129,2015-04-19,INTER,0.8449562205293143,OPTEX
565,MSE2,hyperspectral,27.721999723110805,246,2003-10-22,POLIGON,0.9793157474140147,OPTEX
566,HSE1,hyperspectral,8.271748716401785,114,2014-12-11,CROSS,0.6545853689262248,JRC
567,HSE1,hyperspectral,2.9106170942240053,120,2006-06-13,POLIGON,0.8894213251877445,JRC
568,MSE2,multispectral,23.62809911464349,138,2006-12-26,POLIGON,0.42434997992148527,KMZ
569,MSE,multispectral,47.49035845438403,87,2000-03-15,LAB,0.8258614397809518,OPTEX
570,HSE,hyperspectral,33.97099480086402,141,2008-02-21,LAB,0.5609665276089005,JRC
571,MSE2,multispectral,25.599611967728396,124,2003-07-17,CROSS,0.3555342936360404,JRC
572,HSE,multispectral,14.275087762602809,98,2018-08-14,POLIGON,0.19540430249713903,JRC
573,HSE2,hyperspectral,38.835619087688386,147,2014-06-10,INTER,0.6892787211283065,KMZ
574,MSE,multispectral,40.259870859103444,110,2003-04-27,LAB,0.592623324665632,NASA
575,HSE,multispectral,48.57584590195069,217,2016-01-13,LAB,0.9276176817049151,KMZ
576,MSE1,multispectral,22.580182374051578,205,2003-04-23,LAB,0.2890378057566473,KMZ
577,HSE2,hyperspectral,33.6209230992769,189,2015-03-23,POLIGON,0.5751823844717998,NASA
578,HSE1,multispectral,6.529332052280981,138,2013-12-24,POLIGON,0.5817529240180926,OPTEX
579,MSE,multispectral,17.839172339552615,110,2008-07-04,INTER,0.4735087591560585,KMZ
580,HSE1,hyperspectral,30.68936708503665,64,2001-01-02,POLIGON,0.02850427805409128,JRC
581,MSE,multispectral,2.35718664926532,52,2014-09-19,POLIGON,0.49478753750141824,JRC
582,HSE1,multispectral,4.3503124600274345,138,2000-08-03,INTER,0.36044463544529126,OPTEX
583,MSE1,multispectral,5.9983987352330335,125,2002-06-10,LAB,0.7858514468025444,KMZ
584,MSE,multispectral,41.65463886357817,58,2019-12-26,INTER,0.586704312766037,NASA
585,HSE2,multispectral,10.34589857389765,124,2016-06-11,POLIGON,0.21505448196427657,OPTEX
586,HSE,multispectral,13.400023364730101,253,2000-02-08,POLIGON,0.3187136550471351,NASA
587,MSE2,hyperspectral,33.689078739037384,230,2012-08-21,LAB,0.8929208422467575,OPTEX
588,MSE1,multispectral,42.4423587818938,161,2012-07-03,LAB,0.9199106576156749,OPTEX
589,HSE2,multispectral,5.112156143583805,145,2016-07-08,CROSS,0.2436605431625114,NASA
590,HSE,multispectral,39.04621028059828,206,2008-01-15,INTER,0.302510939514136,JRC
591,MSE1,hyperspectral,12.61022817642184,236,2010-01-20,POLIGON,0.402442635228468,NASA
592,MSE2,hyperspectral,17.095325271314184,102,2014-11-04,INTER,0.11691634694096453,JRC
593,MSE1,multispectral,38.97243749482676,147,2006-08-24,INTER,0.48172842084073997,JRC
594,MSE,hyperspectral,38.476613563995656,255,2009-09-05,INTER,0.7220500442544434,JRC
595,MSE2,hyperspectral,23.507955129301994,122,2009-02-17,POLIGON,0.9291546386841354,JRC
596,HSE2,hyperspectral,39.007984322269294,115,2021-01-25,INTER,0.22544246030617665,NASA
597,MSE1,hyperspectral,46.75639910810688,141,2007-10-20,CROSS,0.6003814807737338,JRC
598,MSE2,hyperspectral,10.398911872788252,132,2021-09-05,POLIGON,0.29981011671432667,OPTEX
599,HSE,hyperspectral,21.007167154252095,191,2004-03-01,INTER,0.20033919095205666,OPTEX
600,MSE1,multispectral,25.734354170488114,113,2008-09-27,CROSS,0.8432547879012188,JRC
601,MSE2,hyperspectral,29.005568588320173,211,2010-03-27,POLIGON,0.13229628010625927,OPTEX
602,MSE,multispectral,14.619075910405073,108,2007-10-21,CROSS,0.6051050750380491,OPTEX
603,MSE,multispectral,11.068201456331025,164,2016-06-04,POLIGON,0.24636463067154302,JRC
604,MSE2,multispectral,41.63253288535715,247,2000-02-13,LAB,0.23977074585148428,KMZ
605,MSE,multispectral,24.1980473510407,121,2021-01-15,CROSS,0.7539173530557435,NASA
606,HSE1,multispectral,42.17738561897501,65,2001-11-13,CROSS,0.5233168483739254,JRC
607,HSE2,multispectral,32.38045570084148,222,2019-12-06,LAB,0.2903572673947479,NASA
608,HSE2,multispectral,4.265483549402649,91,2002-04-27,INTER,0.0633778143593583,NASA
609,HSE,multispectral,7.4108977700761445,129,2002-05-26,CROSS,0.6832410652357621,KMZ
610,HSE1,multispectral,44.67240943674729,67,2005-12-24,LAB,0.4841367306898242,KMZ
611,HSE2,multispectral,49.16938791024135,216,2000-05-09,INTER,0.6140741480612731,KMZ
612,HSE1,multispectral,18.776574383100254,206,2000-04-13,INTER,0.9425799454816202,JRC
613,MSE1,multispectral,25.965941819171565,84,2012-01-17,INTER,0.5786014803491945,JRC
614,MSE,multispectral,13.565459019107534,184,2003-05-15,LAB,0.9183532270899242,OPTEX
615,MSE2,hyperspectral,27.302721382330837,74,2006-12-04,INTER,0.7475003423791144,KMZ
616,MSE,multispectral,43.350308121824014,247,2007-08-02,LAB,0.36067911798188534,NASA
617,MSE2,hyperspectral,27.011451161673406,209,2018-05-26,POLIGON,0.023632410723431252,NASA
618,MSE2,multispectral,45.67667204540483,181,2003-11-15,LAB,0.532741934603782,JRC
619,MSE1,hyperspectral,33.21514646340653,223,2002-11-27,POLIGON,0.9173346329893087,OPTEX
620,HSE,multispectral,21.93069220727106,230,2012-09-14,POLIGON,0.07431633107448399,OPTEX
621,MSE2,hyperspectral,1.7183299843569837,79,2009-02-23,INTER,0.9839712793896213,OPTEX
622,MSE,multispectral,5.257711282521439,179,2016-10-10,CROSS,0.036030981934023765,NASA
623,MSE,multispectral,47.92299775129771,228,2015-12-13,INTER,0.47557668927453955,NASA
624,HSE1,multispectral,43.96759179920372,104,2019-08-01,INTER,0.36323373910653,JRC
625,MSE2,multispectral,32.03775358476807,117,2020-11-19,POLIGON,0.9845359969275487,OPTEX
626,MSE1,hyperspectral,44.56718105600921,62,2000-09-01,POLIGON,0.6442894405080014,NASA
627,HSE,hyperspectral,6.315786687124102,83,2004-07-10,CROSS,0.13755290460518643,NASA
628,MSE,hyperspectral,2.958055244061423,236,2017-11-16,CROSS,0.14196262248724878,NASA
629,MSE1,multispectral,41.50250963744758,57,2002-08-07,CROSS,0.13300669703334245,KMZ
630,MSE2,multispectral,8.354222147553992,118,2012-01-08,LAB,0.8945340208708801,KMZ
631,HSE2,multispectral,12.55928777058295,165,2002-01-10,POLIGON,0.9447489730757592,OPTEX
632,HSE2,hyperspectral,32.8251229122811,144,2003-04-02,INTER,0.4254421626210083,KMZ
633,HSE1,hyperspectral,39.61070537664711,118,2014-10-15,POLIGON,0.9922807168528192,OPTEX
634,MSE,multispectral,13.379834038264457,174,2000-09-09,INTER,0.23379845314698744,NASA
635,HSE2,multispectral,40.8116415423573,66,2002-02-06,CROSS,0.630159127999328,JRC
636,HSE2,hyperspectral,24.546046954286588,92,2019-12-22,POLIGON,0.5142768621497822,NASA
637,MSE2,multispectral,39.4573180629099,186,2016-03-15,INTER,0.4091443069505545,KMZ
638,HSE1,hyperspectral,25.645779566741698,89,2006-04-02,LAB,0.8953808937342288,KMZ
639,MSE,multispectral,19.705273524465635,255,2005-01-01,LAB,0.07586172797887347,NASA
640,HSE2,hyperspectral,29.483671519685522,128,2012-03-09,CROSS,0.038447549133269976,OPTEX
641,MSE1,hyperspectral,35.67655093403475,194,2017-10-18,POLIGON,0.5383230137779832,JRC
642,HSE,hyperspectral,44.94646303134629,167,2006-11-25,POLIGON,0.2492947339221927,OPTEX
643,HSE1,multispectral,16.007161603933934,146,2010-08-09,POLIGON,0.4723160511023393,NASA
644,HSE2,multispectral,48.745072527316175,92,2001-11-21,INTER,0.2888314930150141,OPTEX
645,HSE1,multispectral,23.705856869567675,131,2008-08-04,CROSS,0.4114656200898692,NASA
646,MSE,hyperspectral,37.35262589146983,145,2021-09-23,CROSS,0.37687751068805353,KMZ
647,HSE2,hyperspectral,11.981139335279767,248,2001-12-20,CROSS,0.28167546221413653,JRC
648,HSE2,multispectral,38.39287948341037,68,2014-05-06,INTER,0.6303321530423716,OPTEX
649,MSE,multispectral,4.848250401726041,222,2013-08-26,INTER,0.7619838246817137,NASA
650,HSE2,multispectral,45.05806660139505,169,2001-08-01,LAB,0.1216153479910993,KMZ
651,MSE1,multispectral,19.855184969089173,222,2006-05-26,POLIGON,0.3727406733470249,NASA
652,HSE,multispectral,45.94090187987291,182,2010-05-23,POLIGON,0.46445036159004705,JRC
653,HSE2,hyperspectral,48.992593955634774,203,2018-10-05,LAB,0.11631265309259231,KMZ
654,HSE2,multispectral,17.46704379988955,51,2007-11-25,INTER,0.4220808321724312,KMZ
655,HSE,multispectral,6.4983213840172604,131,2013-01-07,INTER,0.06384878287125084,NASA
656,HSE1,hyperspectral,21.711139279784454,61,2020-05-17,POLIGON,0.6332946496225169,KMZ
657,HSE2,hyperspectral,37.403947146012754,100,2010-06-27,CROSS,0.8724143726398923,NASA
658,HSE,hyperspectral,13.73401098030688,166,2013-08-20,CROSS,0.8152118557135586,OPTEX
659,HSE,hyperspectral,48.981593499130696,117,2007-05-21,LAB,0.7549178917461237,KMZ
660,HSE1,multispectral,5.691208341186558,246,2021-02-18,CROSS,0.18949283401008565,OPTEX
661,MSE,multispectral,31.589082149316145,81,2014-09-15,INTER,0.23187793069876117,KMZ
662,MSE,multispectral,7.323300337146516,207,2005-02-06,LAB,0.2229535501742469,KMZ
663,HSE,hyperspectral,49.7902292743492,249,2006-09-15,INTER,0.7006750982742102,KMZ
664,MSE2,multispectral,39.2212407169345,248,2007-09-16,INTER,0.07360306838406716,OPTEX
665,HSE2,multispectral,32.33029961248627,215,2019-03-20,POLIGON,0.7558078111729162,NASA
666,MSE,hyperspectral,14.797705394060618,103,2021-04-19,CROSS,0.22656814107303036,OPTEX
667,HSE,multispectral,48.34249481145445,247,2014-11-11,POLIGON,0.21694608246714853,KMZ
668,HSE1,hyperspectral,31.75591598157233,150,2009-01-26,CROSS,0.08551620415062122,NASA
669,HSE,multispectral,14.57410632935674,219,2015-09-20,INTER,0.4824816705672783,NASA
670,HSE2,hyperspectral,35.54259991269474,67,2004-02-06,LAB,0.5792542176480535,NASA
671,MSE1,multispectral,29.961289303599,84,2016-07-23,CROSS,0.9194677379739808,JRC
672,HSE1,hyperspectral,37.512602529461084,243,2019-10-01,LAB,0.5520449314348815,NASA
673,HSE,multispectral,39.65137136520098,119,2007-09-09,POLIGON,0.015307132203599472,OPTEX
674,HSE1,multispectral,16.29280125989589,69,2010-12-04,LAB,0.5392207199639167,KMZ
675,HSE1,multispectral,22.078288395308302,194,2005-10-10,POLIGON,0.9857041933183146,NASA
676,MSE,multispectral,24.548027996993984,137,2017-08-15,POLIGON,0.5588086811725478,KMZ
677,MSE1,hyperspectral,13.841941920420776,223,2015-06-25,CROSS,0.8592831215201511,OPTEX
678,MSE1,hyperspectral,31.60619633429687,247,2012-01-03,CROSS,0.6011170378219517,KMZ
679,HSE2,hyperspectral,30.348710201380662,119,2019-09-27,CROSS,0.47369131154930655,KMZ
680,MSE1,multispectral,21.59352004889549,216,2019-06-12,LAB,0.2995828810815324,NASA
681,HSE,hyperspectral,11.383421512323558,149,2016-03-02,INTER,0.09049902699209211,NASA
682,HSE,hyperspectral,35.08317191837231,110,2016-09-14,POLIGON,0.21096548327122733,JRC
683,HSE2,hyperspectral,16.70746980571726,140,2021-03-15,INTER,0.13830939041933288,JRC
684,MSE1,hyperspectral,15.43317687292625,141,2013-10-07,INTER,0.29152202259115345,NASA
685,HSE,multispectral,24.658171429116706,213,2007-01-05,INTER,0.23360126444780727,NASA
686,HSE2,multispectral,39.564188386061474,166,2018-12-01,POLIGON,0.5969335647054815,JRC
687,MSE,multispectral,30.616525561005744,98,2009-02-16,CROSS,0.2732964451341643,OPTEX
688,HSE1,hyperspectral,30.081851401512985,82,2001-08-18,CROSS,0.6692071853101026,NASA
689,HSE1,multispectral,12.554866182965956,215,2012-06-07,INTER,0.21128155608041443,NASA
690,HSE2,hyperspectral,34.031882030508214,236,2011-07-22,POLIGON,0.7420820206967479,OPTEX
691,MSE,hyperspectral,19.450157522173097,161,2016-05-11,POLIGON,0.4462367127156399,JRC
692,HSE2,multispectral,5.304879509570445,209,2004-11-24,CROSS,0.6808447014727289,OPTEX
693,MSE2,multispectral,47.70840297408571,202,2015-06-21,LAB,0.4488807100699834,OPTEX
694,HSE2,hyperspectral,49.2953700822884,186,2012-06-11,CROSS,0.5760022210121127,OPTEX
695,HSE2,hyperspectral,6.358193786601259,219,2007-09-10,INTER,0.8099242821294501,NASA
696,HSE,hyperspectral,7.54717030034505,126,2019-09-04,LAB,0.22323524174612552,KMZ
697,MSE,hyperspectral,23.143250268030265,216,2000-01-04,POLIGON,0.02174035446389666,JRC
698,MSE2,multispectral,38.94116621375369,157,2011-05-19,LAB,0.654765587608612,JRC
699,MSE1,hyperspectral,22.115616159479767,96,2011-08-26,INTER,0.6818640604458109,NASA
700,MSE,multispectral,29.24970973088096,227,2008-09-06,INTER,0.06358101526075388,NASA
701,HSE,multispectral,43.98091807104502,169,2000-05-03,CROSS,0.955644178961941,OPTEX
702,MSE1,multispectral,8.228046968480292,50,2011-08-05,INTER,0.9993726650494187,KMZ
703,MSE2,hyperspectral,41.2958091957353,114,2001-01-26,POLIGON,0.7016152048218737,OPTEX
704,HSE,multispectral,13.334228166997566,51,2001-05-07,LAB,0.9519963240217602,JRC
705,MSE1,multispectral,19.292276608998204,192,2006-02-07,LAB,0.21277097820181845,OPTEX
706,MSE2,hyperspectral,23.945957877371583,144,2012-02-13,POLIGON,0.44352902295348606,NASA
707,MSE1,hyperspectral,8.600324017842002,149,2021-05-14,INTER,0.6063655158303232,JRC
708,MSE,hyperspectral,28.68426191889874,140,2003-12-26,LAB,0.6220685598759558,KMZ
709,HSE,hyperspectral,2.2161467223064912,169,2004-06-05,INTER,0.7676999307133853,NASA
710,HSE,hyperspectral,18.425185833085493,249,2003-04-12,CROSS,0.45867462263975,NASA
711,HSE,hyperspectral,10.32995655586432,251,2017-07-20,CROSS,0.7985556862343185,KMZ
712,MSE,hyperspectral,14.229338306548723,175,2011-04-26,POLIGON,0.2771430911100581,JRC
713,MSE,hyperspectral,34.4281538286664,102,2011-06-01,POLIGON,0.6340808163853178,JRC
714,HSE,hyperspectral,43.31209887981822,179,2018-05-03,LAB,0.8878823532270297,NASA
715,MSE1,multispectral,36.7097797693334,114,2021-03-25,LAB,0.5159316463221032,KMZ
716,MSE,hyperspectral,30.47097485504365,146,2003-04-25,CROSS,0.8483956381611331,JRC
717,HSE1,hyperspectral,33.975420645467416,95,2015-03-25,INTER,0.06754171206693993,NASA
718,MSE2,multispectral,13.445678374911543,174,2004-12-19,POLIGON,0.8013948248581053,NASA
719,MSE1,hyperspectral,13.782234504298618,218,2018-04-22,CROSS,0.5984640882601926,JRC
720,HSE,multispectral,22.97108841583715,84,2021-02-12,POLIGON,0.590544566173921,OPTEX
721,HSE,multispectral,8.402996967115893,96,2018-01-18,POLIGON,0.3676736363552592,KMZ
722,MSE2,multispectral,24.48051066243199,227,2014-05-16,LAB,0.9765884668336234,JRC
723,MSE2,hyperspectral,44.687448693626514,108,2015-09-20,INTER,0.23037974014059315,NASA
724,MSE2,multispectral,33.79838508456899,161,2013-03-11,LAB,0.6457309747412038,NASA
725,MSE1,multispectral,24.08319578385676,217,2007-04-03,INTER,0.10583598492486868,NASA
726,MSE1,hyperspectral,37.25532618061228,128,2004-07-26,POLIGON,0.19425028557766344,JRC
727,MSE2,hyperspectral,25.442409855216653,138,2009-09-09,CROSS,0.05160541306066202,KMZ
728,MSE2,multispectral,1.8160325853456907,122,2016-12-19,LAB,0.39740233014657056,KMZ
729,HSE1,hyperspectral,43.40691983245788,209,2021-06-14,POLIGON,0.8859156377394855,NASA
730,HSE1,hyperspectral,31.52343041046144,239,2003-05-22,CROSS,0.9002974001561718,JRC
731,HSE,multispectral,26.780058728067193,146,2008-06-03,POLIGON,0.24016034399217123,KMZ
732,MSE2,multispectral,46.12900525437779,232,2008-08-24,LAB,0.4930697716473522,JRC
733,MSE2,multispectral,30.781489337320398,186,2015-06-05,INTER,0.05401808174984313,OPTEX
734,HSE1,multispectral,14.306079609421205,189,2013-04-01,POLIGON,0.1524773438885918,OPTEX
735,HSE2,multispectral,32.197710439476246,91,2012-03-06,INTER,0.6411727510202015,OPTEX
736,MSE1,hyperspectral,38.81624587862657,68,2017-10-09,CROSS,0.25247734248891984,OPTEX
737,MSE2,multispectral,19.629506690864492,213,2020-01-12,INTER,0.7267661409892099,KMZ
738,MSE2,hyperspectral,28.824891221600573,153,2007-05-15,INTER,0.41718571249607894,JRC
739,MSE,hyperspectral,6.450213077957585,96,2020-04-12,POLIGON,0.6547838780851887,NASA
740,HSE1,multispectral,11.38284331075643,253,2002-03-14,CROSS,0.51092005107055,JRC
741,HSE,hyperspectral,40.43709634870326,252,2011-07-09,INTER,0.4876852002837867,NASA
742,MSE,hyperspectral,29.100976072086045,191,2011-04-11,CROSS,0.078749970837656,KMZ
743,MSE1,multispectral,37.70256407144577,123,2001-11-14,LAB,0.31588498583554414,JRC
744,MSE1,hyperspectral,32.388036299385384,168,2018-07-06,LAB,0.771234680304495,KMZ
745,HSE1,multispectral,23.159349062798608,58,2006-03-21,INTER,0.7632213803276507,KMZ
746,MSE,hyperspectral,25.52499876874467,227,2020-03-12,POLIGON,0.2770546869762487,KMZ
747,MSE,hyperspectral,44.64037429486903,210,2003-09-05,INTER,0.5168066227859929,KMZ
748,HSE2,multispectral,41.07475901524642,86,2016-06-22,INTER,0.9859496894922449,NASA
749,MSE,multispectral,43.59879579879518,166,2021-03-09,CROSS,0.34801845186255853,JRC
750,HSE,multispectral,37.625253119462094,101,2009-07-19,LAB,0.34791649954342685,JRC
751,HSE2,multispectral,15.732250012782615,126,2007-11-09,INTER,0.7166611544259979,NASA
752,MSE,multispectral,32.21626502012195,194,2018-08-12,INTER,0.8310388276487872,KMZ
753,HSE,multispectral,40.72687127900588,188,2005-10-20,POLIGON,0.42398550068043694,NASA
754,HSE,multispectral,45.223603752130614,139,2019-09-20,LAB,0.9902245026571673,NASA
755,MSE1,hyperspectral,2.65073601000614,134,2011-02-25,LAB,0.10493547165036166,OPTEX
756,HSE1,hyperspectral,7.053029936207317,119,2013-02-03,POLIGON,0.44396601464558405,NASA
757,HSE1,hyperspectral,7.475755845679346,216,2001-06-28,LAB,0.5538322893728931,NASA
758,HSE2,hyperspectral,15.677706999271738,249,2009-11-17,INTER,0.9195462901252973,KMZ
759,HSE1,multispectral,11.125790642991245,112,2014-08-08,LAB,0.030064074345836467,NASA
760,HSE1,hyperspectral,27.116739907763915,217,2006-04-08,CROSS,0.5713883166443883,KMZ
761,MSE1,hyperspectral,20.54051827846031,162,2021-05-26,POLIGON,0.6998637524091585,JRC
762,MSE2,multispectral,27.56167480163616,128,2013-05-05,INTER,0.07331912111895034,NASA
763,MSE,multispectral,10.512264359710276,133,2018-11-28,POLIGON,0.8172719095899901,OPTEX
764,HSE2,hyperspectral,20.268604537094816,229,2019-04-28,INTER,0.8593188738014355,OPTEX
765,HSE2,multispectral,43.1576476550269,214,2015-12-07,CROSS,0.2592555527369875,JRC
766,MSE,multispectral,26.54282504746464,186,2016-10-07,POLIGON,0.060068367821207835,OPTEX
767,HSE2,hyperspectral,34.693352419903576,78,2005-07-23,INTER,0.1097375049687972,NASA
768,HSE,multispectral,32.01737004498086,73,2015-03-20,LAB,0.6879501679023567,JRC
769,HSE,hyperspectral,40.42765961504325,241,2007-08-13,POLIGON,0.9647505163549627,JRC
770,HSE,hyperspectral,25.266907839443647,97,2018-06-25,INTER,0.8125510914792825,NASA
771,HSE,multispectral,40.838283989777054,109,2019-07-02,CROSS,0.9153635892001564,JRC
772,MSE2,hyperspectral,13.181375337685767,162,2015-09-25,INTER,0.10187281641442447,OPTEX
773,HSE2,hyperspectral,38.430021814479666,156,2004-08-21,POLIGON,0.7153683156731875,OPTEX
774,MSE1,multispectral,11.208467148762166,228,2005-09-15,INTER,0.24368733139651266,JRC
775,MSE1,hyperspectral,33.0997075029971,169,2001-11-16,INTER,0.05022171359454508,NASA
776,MSE,hyperspectral,27.148716229211818,101,2002-03-25,LAB,0.6795047544322811,OPTEX
777,HSE1,hyperspectral,33.85877924064392,167,2007-02-20,CROSS,0.6384623130288416,OPTEX
778,HSE1,multispectral,3.8036582409841917,210,2001-05-25,INTER,0.3751963137548414,KMZ
779,MSE2,multispectral,10.476182599665723,243,2016-06-22,POLIGON,0.2976773852042357,JRC
780,HSE2,multispectral,3.582846083779061,249,2008-02-18,LAB,0.9116101621006667,KMZ
781,HSE1,multispectral,48.6644993068246,167,2000-02-01,LAB,0.3987506549871772,KMZ
782,MSE,multispectral,32.58468944327633,174,2001-05-15,INTER,0.21862630877113887,OPTEX
783,HSE,multispectral,12.434320609926758,83,2001-11-08,INTER,0.9308952942576691,NASA
784,MSE1,multispectral,34.018852491044285,163,2016-11-21,LAB,0.7616096634247088,JRC
785,MSE,hyperspectral,28.007613903334416,80,2019-04-20,INTER,0.3991832524801777,KMZ
786,HSE1,hyperspectral,21.45351398428448,103,2011-07-26,CROSS,0.26129676143803304,NASA
787,HSE2,multispectral,23.95836328215987,79,2010-10-11,POLIGON,0.04425167476421921,KMZ
788,MSE1,multispectral,34.066352102387796,66,2003-08-27,POLIGON,0.03143799759668153,KMZ
789,MSE2,multispectral,43.40094830676539,168,2020-06-23,POLIGON,0.3918601242983808,NASA
790,MSE1,multispectral,5.430461342486815,194,2005-11-12,CROSS,0.6155757233696127,KMZ
791,MSE1,multispectral,39.73836695374702,151,2013-06-16,POLIGON,0.05649327675724025,OPTEX
792,MSE1,multispectral,27.64821626061767,240,2005-10-02,LAB,0.9309505251612294,JRC
793,HSE,multispectral,48.17040683671263,193,2007-11-01,POLIGON,0.32526541092495875,JRC
794,MSE2,multispectral,4.361055383122541,138,2015-10-02,LAB,0.6095567200943844,JRC
795,HSE,multispectral,15.999994314615778,77,2013-03-02,LAB,0.4488129608164485,NASA
796,MSE,multispectral,18.56486799270853,252,2014-10-12,INTER,0.014041237783839033,JRC
797,HSE1,multispectral,29.454014409263117,203,2011-05-10,INTER,0.6197357903073873,OPTEX
798,MSE1,multispectral,20.070269166810565,178,2003-10-14,LAB,0.002357850417871621,NASA
799,MSE2,hyperspectral,18.777833862191947,92,2016-09-13,INTER,0.896965562863056,KMZ
800,MSE,multispectral,13.911312503538147,139,2020-06-08,INTER,0.36046865718715015,OPTEX
801,HSE2,hyperspectral,49.321510237154776,84,2017-08-07,CROSS,0.37408290657808885,KMZ
802,HSE1,multispectral,49.69786616771278,154,2019-02-21,CROSS,0.6477640513005896,OPTEX
803,HSE2,hyperspectral,23.64137269619173,101,2000-04-01,CROSS,0.19399696332947203,KMZ
804,MSE1,multispectral,34.43570022940548,98,2020-11-10,LAB,0.5008768217894579,JRC
805,HSE2,hyperspectral,35.95708909070727,227,2015-05-28,POLIGON,0.6770728211282181,JRC
806,HSE,hyperspectral,32.13526737243389,191,2010-08-17,CROSS,0.20616335165167177,NASA
807,MSE1,multispectral,48.622664718551206,99,2000-02-07,CROSS,0.9622655898040234,NASA
808,HSE1,hyperspectral,13.246206088891824,146,2005-04-17,POLIGON,0.9452456084907446,OPTEX
809,MSE,hyperspectral,28.109837533284136,113,2005-11-21,CROSS,0.38365431186229537,OPTEX
810,MSE1,hyperspectral,27.530254018397116,89,2002-04-22,INTER,0.8141219881711308,JRC
811,MSE2,hyperspectral,36.82871770920538,233,2008-12-23,LAB,0.03294511428288993,OPTEX
812,HSE,multispectral,44.803256339411774,136,2008-07-17,CROSS,0.4063465803020092,NASA
813,HSE1,hyperspectral,27.076032469452635,121,2018-02-20,LAB,0.6026932140432286,JRC
814,MSE,hyperspectral,18.91790455544045,99,2016-12-24,POLIGON,0.7132815643164225,KMZ
815,HSE2,hyperspectral,25.632055303755134,138,2020-10-17,POLIGON,0.22687826420290247,OPTEX
816,HSE2,multispectral,5.807706052704913,170,2013-02-19,CROSS,0.9931319342728312,OPTEX
817,HSE1,multispectral,9.623388235757592,223,2002-04-26,CROSS,0.8539362787183498,JRC
818,HSE,multispectral,8.930581004544965,115,2014-06-28,POLIGON,0.8243545484688457,OPTEX
819,MSE1,multispectral,21.553580138528794,111,2021-12-19,POLIGON,0.8658220989681916,JRC
820,MSE2,hyperspectral,42.45864470341466,109,2001-12-17,CROSS,0.5259094184109272,JRC
821,HSE1,multispectral,9.832076816624351,158,2009-10-10,INTER,0.9349491065755118,NASA
822,MSE2,hyperspectral,10.163085735198926,197,2014-10-20,CROSS,0.27810742050241855,OPTEX
823,MSE,multispectral,24.611010841329353,146,2005-05-01,INTER,0.3455549458243037,OPTEX
824,HSE1,hyperspectral,49.74314363301552,217,2009-08-08,CROSS,0.5928136240950307,JRC
825,HSE,multispectral,31.76458197270889,149,2005-12-14,POLIGON,0.5637018928103206,NASA
826,MSE2,hyperspectral,33.026608145889384,121,2019-04-08,INTER,0.6032783803328347,NASA
827,HSE,multispectral,7.30142836174787,227,2012-08-28,POLIGON,0.23168792828492035,NASA
828,HSE,multispectral,37.66344017666147,230,2019-08-28,LAB,0.8253340192383866,OPTEX
829,MSE2,hyperspectral,4.874933091244147,178,2003-01-08,INTER,0.9593396480786447,NASA
830,HSE1,multispectral,41.407463459879594,224,2001-03-26,POLIGON,0.7973880269792181,KMZ
831,HSE1,hyperspectral,10.481410967803708,200,2007-12-09,LAB,0.3322692901154385,JRC
832,MSE1,hyperspectral,3.882468333651186,122,2001-07-28,POLIGON,0.9974800283122577,NASA
833,MSE,hyperspectral,48.427778830254866,61,2007-07-15,POLIGON,0.12697872009181954,JRC
834,HSE,hyperspectral,10.127005598268866,73,2006-12-28,INTER,0.4453599187828059,NASA
835,MSE2,hyperspectral,36.110071922049265,92,2010-01-22,INTER,0.18133936445268006,NASA
836,MSE1,multispectral,17.67593664174053,105,2020-05-08,LAB,0.6028750124265322,OPTEX
837,MSE1,multispectral,44.33306336288132,118,2016-12-25,INTER,0.7010209437837438,KMZ
838,HSE1,hyperspectral,38.17612218898494,242,2018-08-11,POLIGON,0.7704183038379026,JRC
839,MSE2,multispectral,33.809781895680025,233,2010-03-11,CROSS,0.7966551638824522,OPTEX
840,MSE,hyperspectral,9.64931767870404,230,2013-10-01,CROSS,0.3811103748099274,KMZ
841,MSE1,hyperspectral,40.60137290119681,68,2017-11-04,POLIGON,0.15916189451878326,KMZ
842,HSE2,multispectral,27.708821285657493,195,2018-01-23,POLIGON,0.3499931956778345,NASA
843,HSE1,hyperspectral,41.510272822001134,88,2020-09-16,LAB,0.7133486004832096,OPTEX
844,MSE,hyperspectral,7.002399185254891,159,2004-03-12,POLIGON,0.9195298567712814,OPTEX
845,MSE2,hyperspectral,23.65717329573235,58,2012-01-09,LAB,0.12005174292942067,KMZ
846,HSE1,hyperspectral,10.78063081246023,214,2015-09-06,INTER,0.5345788954110499,OPTEX
847,HSE,hyperspectral,36.4801057338157,120,2015-09-15,CROSS,0.4151665168704137,JRC
848,HSE,multispectral,20.27425069045604,163,2014-05-20,INTER,0.5242144157668613,NASA
849,HSE2,multispectral,37.735431209947514,156,2013-06-16,LAB,0.3612311909711281,JRC
850,HSE2,hyperspectral,46.79000040885042,67,2007-09-18,CROSS,0.3827632277846601,KMZ
851,MSE,hyperspectral,21.361278803460745,159,2003-08-02,INTER,0.12896062982890988,OPTEX
852,HSE1,multispectral,23.532933753039284,58,2014-12-16,LAB,0.36763954145114686,KMZ
853,MSE,multispectral,27.924753592428182,179,2018-03-06,POLIGON,0.14716673938202463,OPTEX
854,MSE1,multispectral,28.016985830755853,105,2019-08-09,POLIGON,0.1588252413581046,JRC
855,MSE1,hyperspectral,42.0023794388362,211,2007-10-21,POLIGON,0.4377245101933084,OPTEX
856,MSE2,multispectral,38.306511244397555,111,2016-11-09,POLIGON,0.9458775024649146,OPTEX
857,HSE,multispectral,35.935557335058185,108,2005-10-23,POLIGON,0.7887650639876481,OPTEX
858,MSE1,hyperspectral,39.15954760599324,168,2011-07-03,LAB,0.9386694102873642,KMZ
859,MSE1,hyperspectral,36.510950682702955,79,2009-05-04,INTER,0.4633315245539581,KMZ
860,MSE1,multispectral,7.142883781884785,84,2012-04-16,LAB,0.7772629377928683,JRC
861,MSE1,hyperspectral,34.56770350575708,98,2002-03-12,LAB,0.7436096232176469,NASA
862,MSE1,hyperspectral,29.930784869050242,234,2001-06-07,LAB,0.35831690389696924,NASA
863,HSE1,multispectral,27.670262723279563,184,2005-07-03,LAB,0.7256941754059176,NASA
864,HSE,multispectral,37.68755609416837,139,2010-10-03,INTER,0.9838865276868966,NASA
865,MSE,hyperspectral,20.20065268466783,210,2019-06-15,LAB,0.6359441635100405,JRC
866,HSE1,multispectral,41.28234761571367,178,2001-11-28,INTER,0.959002495020323,KMZ
867,HSE2,hyperspectral,33.329859394616015,73,2014-07-07,POLIGON,0.848033371051721,JRC
868,MSE2,multispectral,1.559818850855954,87,2020-05-02,LAB,0.17399051620359351,OPTEX
869,HSE,hyperspectral,27.32378720344307,58,2017-03-24,CROSS,0.6015026606323328,OPTEX
870,HSE1,multispectral,6.2414990583226295,198,2015-04-13,INTER,0.36732025155674874,OPTEX
871,HSE2,multispectral,20.12979295860648,71,2005-02-09,CROSS,0.7072547476280006,JRC
872,HSE2,multispectral,13.23334218769499,152,2004-05-16,INTER,0.16529179924302018,OPTEX
873,HSE2,multispectral,47.09292986839366,71,2010-02-13,CROSS,0.41270356132282293,JRC
874,HSE2,multispectral,38.04361073052266,68,2015-02-03,POLIGON,0.6378297759658138,JRC
875,MSE,multispectral,7.685349359756354,64,2006-11-08,POLIGON,0.9776059640028186,KMZ
876,HSE2,hyperspectral,16.031716905746933,209,2015-07-06,LAB,0.9399024052517684,NASA
877,HSE,multispectral,29.99957030970355,224,2018-04-13,INTER,0.6739816226419135,KMZ
878,HSE2,hyperspectral,26.345024506888013,107,2013-07-05,INTER,0.6358277423554357,NASA
879,HSE1,hyperspectral,24.95105955078485,146,2008-03-08,CROSS,0.964674873431971,OPTEX
880,MSE2,hyperspectral,43.4649964141272,82,2014-01-06,CROSS,0.7442780492785057,OPTEX
881,MSE,multispectral,22.23830820111905,68,2017-04-14,CROSS,0.20863733865515366,NASA
882,MSE1,hyperspectral,45.6122208641511,124,2018-03-26,POLIGON,0.2118278944202736,OPTEX
883,MSE,multispectral,42.11779712904736,110,2011-08-28,POLIGON,0.11715461461363152,JRC
884,HSE2,multispectral,16.994490595909934,148,2013-07-22,POLIGON,0.710481642253318,OPTEX
885,MSE2,multispectral,35.71908967350825,150,2010-11-03,POLIGON,0.43762139746837647,OPTEX
886,HSE2,hyperspectral,47.95888559976516,155,2002-11-07,INTER,0.08596932658980216,NASA
887,MSE1,hyperspectral,29.982313801784812,82,2012-03-21,POLIGON,0.7306161337651093,KMZ
888,MSE2,multispectral,46.78934950825952,95,2003-02-25,CROSS,0.10936255079130108,NASA
889,MSE2,hyperspectral,30.272574684205203,154,2017-02-02,INTER,0.36599582605477865,KMZ
890,MSE,hyperspectral,25.85225081384038,96,2020-01-14,CROSS,0.6930059739166625,NASA
891,HSE2,multispectral,38.53448344121561,190,2005-12-06,LAB,0.9646251619363239,KMZ
892,MSE2,multispectral,16.291797667976756,216,2017-01-05,POLIGON,0.24565603223954802,KMZ
893,HSE,multispectral,29.71173307449105,215,2007-06-16,LAB,0.26662159019973364,JRC
894,HSE,hyperspectral,45.374839880504055,58,2006-08-25,INTER,0.9540993924507133,JRC
895,HSE2,multispectral,45.14910769607739,147,2015-04-05,POLIGON,0.31035797262840203,JRC
896,HSE,hyperspectral,47.8232540489876,110,2007-11-04,INTER,0.8280365077093174,JRC
897,MSE1,multispectral,13.281757170524367,57,2008-04-18,INTER,0.12054848129756068,NASA
898,HSE2,hyperspectral,44.45672210339778,58,2005-01-07,CROSS,0.40371982480776225,OPTEX
899,HSE2,hyperspectral,5.7567427393726245,146,2005-08-19,POLIGON,0.5878414655967024,OPTEX
900,HSE1,multispectral,29.410417191324015,219,2012-08-24,POLIGON,0.8459276924855497,JRC
901,HSE1,hyperspectral,19.145089545253043,235,2013-12-25,INTER,0.8390370950540476,KMZ
902,HSE2,hyperspectral,11.232784330826362,179,2012-05-21,INTER,0.601598095665976,OPTEX
903,HSE,multispectral,23.951682952454874,222,2012-10-20,LAB,0.7103253860010713,KMZ
904,HSE,multispectral,23.470575351394,113,2004-05-26,CROSS,0.8768779957299773,OPTEX
905,MSE1,hyperspectral,27.91458401337307,220,2017-01-03,INTER,0.42935654592462,NASA
906,MSE2,hyperspectral,26.848987730868398,82,2000-03-04,LAB,0.9125362295947655,JRC
907,MSE2,multispectral,32.613548920621106,107,2007-03-24,LAB,0.511629714834195,JRC
908,HSE1,hyperspectral,29.702097928665896,61,2019-11-24,POLIGON,0.3728121664572748,OPTEX
909,HSE,hyperspectral,42.17941926753628,174,2012-02-23,LAB,0.2636012851580042,NASA
910,MSE1,multispectral,21.501828995372954,142,2009-01-03,LAB,0.5557294922279065,OPTEX
911,HSE2,multispectral,49.56357921436627,92,2011-10-06,CROSS,0.23789413844075347,NASA
912,MSE,multispectral,3.910021235312871,112,2003-10-01,INTER,0.4128444411650265,NASA
913,MSE2,multispectral,44.94465804923991,135,2014-02-26,INTER,0.4431369999162488,JRC
914,HSE1,hyperspectral,47.56124648199227,65,2010-01-07,CROSS,0.4007991893005598,NASA
915,MSE1,multispectral,23.045161757835768,132,2003-04-07,LAB,0.8999402876331205,OPTEX
916,HSE,multispectral,26.255110507742568,162,2015-11-22,INTER,0.4373206355224233,OPTEX
917,HSE1,multispectral,31.02472733039273,99,2014-12-09,CROSS,0.0015277163271288918,JRC
918,MSE2,multispectral,40.740709380276826,226,2000-07-15,LAB,0.9806389713444609,OPTEX
919,MSE2,hyperspectral,47.0034515617218,213,2001-08-21,CROSS,0.9344602745318644,NASA
920,HSE,hyperspectral,20.29487713240394,204,2009-09-19,CROSS,0.9471045223222129,NASA
921,HSE1,hyperspectral,36.14852522423245,114,2021-05-23,INTER,0.8158724259639519,JRC
922,MSE2,multispectral,15.763028573863005,240,2001-04-08,POLIGON,0.12166652085383245,KMZ
923,MSE,multispectral,21.311422065570714,117,2016-11-25,CROSS,0.2673051200734493,NASA
924,MSE1,multispectral,17.19598849050272,229,2009-04-15,INTER,0.5121850259903246,JRC
925,HSE2,hyperspectral,5.44610075579852,132,2014-02-14,CROSS,0.0035979415013027705,NASA
926,HSE2,multispectral,42.536325585350255,220,2005-09-03,INTER,0.8590364806272015,KMZ
927,HSE2,multispectral,47.86798778874227,106,2005-11-09,POLIGON,0.8915639594619896,JRC
928,HSE,multispectral,37.20530106391105,239,2015-05-16,INTER,0.9938806841778749,OPTEX
929,HSE,multispectral,26.31179574696622,143,2006-06-18,INTER,0.5873246927742042,OPTEX
930,MSE2,hyperspectral,48.90621126706469,129,2017-01-26,POLIGON,0.21335542893927606,KMZ
931,MSE,hyperspectral,41.01075674477732,61,2011-03-16,POLIGON,0.9671035907826807,KMZ
932,HSE2,multispectral,25.174583570358482,220,2001-07-12,LAB,0.6998169531612081,KMZ
933,MSE1,multispectral,8.957431113117668,151,2010-07-06,POLIGON,0.8046584930983103,JRC
934,HSE2,multispectral,18.114929010751183,74,2005-06-23,POLIGON,0.2600793608510562,OPTEX
935,MSE,multispectral,36.95152749134599,114,2016-09-28,INTER,0.26865814971058233,JRC
936,MSE,hyperspectral,41.60595612616549,114,2013-08-15,LAB,0.6928901556633118,OPTEX
937,MSE2,multispectral,10.460894138159944,113,2014-02-12,INTER,0.3536481654451923,JRC
938,MSE1,hyperspectral,17.142005958651623,215,2007-10-05,CROSS,0.43296022246154875,OPTEX
939,MSE,hyperspectral,33.74780351115554,71,2012-10-27,POLIGON,0.4095560756311537,JRC
940,HSE,multispectral,7.858113044874206,80,2013-11-20,POLIGON,0.061161146933042754,KMZ
941,HSE1,multispectral,8.905436461823129,77,2018-03-05,POLIGON,0.6565609290841522,KMZ
942,HSE,hyperspectral,29.696436756809867,129,2014-03-22,INTER,0.8138579489575594,NASA
943,HSE2,hyperspectral,49.67264775848778,91,2018-05-22,POLIGON,0.08277812319902977,NASA
944,MSE1,hyperspectral,18.88630468563144,255,2021-12-24,INTER,0.7051109182594272,OPTEX
945,HSE2,multispectral,8.530608472440349,219,2008-04-16,POLIGON,0.48420876440102656,KMZ
946,HSE2,multispectral,41.10022571867543,176,2014-04-07,POLIGON,0.5861073259502809,NASA
947,MSE1,multispectral,42.27849426386044,242,2017-03-15,CROSS,0.06384932753338446,OPTEX
948,MSE1,hyperspectral,19.12377220223763,122,2000-07-24,CROSS,0.9486874593493984,NASA
949,HSE,multispectral,17.172147212943624,152,2011-10-11,LAB,0.10858334339967479,JRC
950,MSE,hyperspectral,27.566432808428722,141,2012-08-09,LAB,0.2558070468970123,NASA
951,HSE2,multispectral,2.995802213215766,230,2014-11-03,CROSS,0.5228526957155274,OPTEX
952,MSE,hyperspectral,40.88431114980103,253,2007-05-24,LAB,0.7094649662430254,OPTEX
953,MSE1,multispectral,41.114914575173906,65,2001-07-21,POLIGON,0.3278126188251661,OPTEX
954,HSE2,hyperspectral,4.4337253269156935,106,2013-03-13,POLIGON,0.511905437340879,JRC
955,HSE2,hyperspectral,24.122685699296294,166,2021-04-09,CROSS,0.3181178193796127,NASA
956,MSE2,multispectral,11.230698695297837,92,2018-04-27,POLIGON,0.5990068601335881,NASA
957,HSE,hyperspectral,18.626748429316038,216,2017-03-19,POLIGON,0.4845835731920879,JRC
958,MSE,multispectral,46.002346596222786,166,2011-05-18,LAB,0.8571415750191227,OPTEX
959,HSE1,hyperspectral,37.62695762406783,171,2011-10-17,LAB,0.43042433605517927,NASA
960,MSE,multispectral,28.31058806586729,117,2004-01-22,POLIGON,0.905182885537395,JRC
961,HSE1,multispectral,23.225414562766947,72,2002-12-17,POLIGON,0.08225477210856402,KMZ
962,MSE2,multispectral,14.152828513218505,85,2016-05-28,POLIGON,0.8707914434108878,KMZ
963,HSE1,hyperspectral,27.927475618229693,179,2011-10-10,CROSS,0.9375304247229951,OPTEX
964,MSE,hyperspectral,41.28354313788231,127,2013-01-02,INTER,0.531697450363286,OPTEX
965,HSE2,hyperspectral,36.104191517064606,226,2021-02-07,POLIGON,0.060299676610675146,KMZ
966,MSE2,hyperspectral,49.33105783642123,252,2000-03-08,LAB,0.2317399026632524,NASA
967,HSE1,hyperspectral,12.991159897304936,149,2009-12-24,POLIGON,0.0769221885502277,NASA
968,HSE2,hyperspectral,46.21154650173694,63,2020-08-13,INTER,0.39558775030760185,JRC
969,HSE2,hyperspectral,12.323273510141156,238,2007-09-09,INTER,0.2730496211897073,JRC
970,MSE1,multispectral,48.798922733794576,88,2014-06-22,CROSS,0.7452875734081351,NASA
971,HSE2,hyperspectral,45.725621034752415,159,2007-03-17,LAB,0.651566059542075,NASA
972,HSE,multispectral,41.84460902270776,151,2004-07-26,POLIGON,0.9301818964812606,JRC
973,HSE1,hyperspectral,9.531859144063692,144,2020-06-17,LAB,0.5141613163008615,JRC
974,HSE2,hyperspectral,47.859247978610625,187,2004-03-23,CROSS,0.3736713115584801,NASA
975,HSE1,hyperspectral,18.839557183633797,126,2015-05-03,INTER,0.9075078638348874,OPTEX
976,MSE2,hyperspectral,10.830026781716139,191,2008-04-02,CROSS,0.8971322126191301,JRC
977,MSE2,multispectral,6.558042100572639,222,2000-09-08,INTER,0.38232130207843495,NASA
978,HSE,hyperspectral,46.307492396109886,139,2002-11-18,INTER,0.9745197280592324,OPTEX
979,HSE,hyperspectral,47.9182125864135,111,2014-10-28,INTER,0.3710344833624629,NASA
980,MSE,multispectral,6.376947931988771,72,2016-02-03,CROSS,0.0023495795577723744,OPTEX
981,HSE1,multispectral,8.702102487171931,176,2020-02-13,CROSS,0.5360146097408608,OPTEX
982,MSE2,hyperspectral,32.222171689421536,180,2004-06-08,CROSS,0.9610305970636913,JRC
983,HSE1,hyperspectral,25.537758131700468,52,2015-09-23,INTER,0.09433200297242061,OPTEX
984,MSE,hyperspectral,14.638640849188427,67,2012-08-14,CROSS,0.2450411728620403,OPTEX
985,MSE1,hyperspectral,13.549198356740526,84,2017-06-18,POLIGON,0.49213841504322486,OPTEX
986,HSE,hyperspectral,3.711589998478761,232,2017-03-15,POLIGON,0.15256003110694838,OPTEX
987,MSE2,multispectral,3.635206089975076,152,2019-04-02,CROSS,0.7173875731450222,KMZ
988,HSE1,multispectral,20.333490891893586,140,2013-03-15,CROSS,0.15609647599899967,JRC
989,MSE2,hyperspectral,7.445629460980272,73,2014-05-02,LAB,0.5456424683255146,KMZ
990,HSE2,hyperspectral,18.439092542292865,139,2012-08-03,INTER,0.4831806635767535,OPTEX
991,HSE1,multispectral,49.67971918143357,241,2002-12-13,LAB,0.3199987911261297,OPTEX
992,MSE,multispectral,29.53998385567342,64,2005-11-03,CROSS,0.6195090205825645,KMZ
993,MSE1,hyperspectral,25.031938525578084,126,2016-12-22,POLIGON,0.07500738639617333,KMZ
994,MSE1,hyperspectral,19.405460777035266,70,2020-08-16,POLIGON,0.8484034138042291,OPTEX
995,HSE2,multispectral,25.262148937743675,183,2013-02-24,INTER,0.7829650564103531,NASA
996,HSE2,hyperspectral,9.608189511431403,129,2005-11-13,POLIGON,0.5583740184322953,JRC
997,MSE2,hyperspectral,5.008064941851858,69,2018-06-20,CROSS,0.2606716989444121,JRC
998,MSE,multispectral,22.901386222652043,252,2008-10-12,INTER,0.34312095478959315,OPTEX
999,MSE2,hyperspectral,8.866363705416932,138,2003-01-03,POLIGON,0.7283973760748007,KMZ
1000,HSE,hyperspectral,42.69901645717206,55,2001-10-24,POLIGON,0.797541499200757,NASA
